student_id,study_hours,attendance,assignment_score,previous_score,maths,dbms,python,os,ml,current_score,performance_level,strongest_subject,weakest_subject,learning_recommendation,detailed_insight,predicted_score,predicted_performance
ST0001,11,66,64,59,79,65,94,89,46,69.96,Average,python,ml,Improve attendance and give additional attention to ml.,Focus more on ML as it is your weakest subject. Improve your attendance.,67.9145,Average
ST0002,8,58,44,45,95,77,79,59,61,51.22,Needs Improvement,maths,os,Improve attendance and give additional attention to os.,Focus more on OS as it is your weakest subject. Increase your weekly study time. Improve your attendance. Spend more time completing and practicing assignments.,54.62459999999998,Average
ST0003,17,82,50,61,67,40,60,51,56,61.19,Average,maths,dbms,Complete assignments regularly and practice more in dbms.,Focus more on DBMS as it is your weakest subject. Your study time is good. Maintain this consistency. Spend more time completing and practicing assignments.,62.457199999999915,Average
ST0004,19,69,98,57,86,59,41,62,57,77.91,Good,maths,python,Improve attendance and give additional attention to python.,Focus more on PYTHON as it is your weakest subject. Your study time is good. Maintain this consistency. Improve your attendance. Overall performance is good. Focus on strengthening your weak areas.,76.07869999999996,Good
ST0005,15,62,73,47,78,94,76,43,88,68.46,Average,dbms,os,Improve attendance and give additional attention to os.,Focus more on OS as it is your weakest subject. Your study time is good. Maintain this consistency. Improve your attendance.,68.65720000000005,Average
ST0006,12,77,63,78,45,67,45,62,80,60.47,Average,ml,maths,Maintain your current performance and strengthen maths further.,Focus more on MATHS as it is your weakest subject.,62.597400000000015,Average
ST0007,17,97,99,71,48,55,83,87,49,77.04,Good,os,maths,Maintain your current performance and strengthen maths further.,Focus more on MATHS as it is your weakest subject. Your study time is good. Maintain this consistency. Your attendance is good. Keep maintaining it. Overall performance is good. Focus on strengthening your weak areas.,77.1651,Good
ST0008,9,78,54,72,59,86,57,94,49,65.43,Average,os,ml,Increase study time and focus more on ml.,Focus more on ML as it is your weakest subject. Increase your weekly study time. Spend more time completing and practicing assignments.,64.25730000000006,Average
ST0009,11,62,77,92,99,56,69,87,96,70.96,Average,maths,dbms,Improve attendance and give additional attention to dbms.,Focus more on DBMS as it is your weakest subject. Improve your attendance.,70.76110000000003,Average
ST0010,14,95,47,55,40,79,61,40,46,51.07,Needs Improvement,dbms,maths,Complete assignments regularly and practice more in maths.,Focus more on MATHS as it is your weakest subject. Your attendance is good. Keep maintaining it. Spend more time completing and practicing assignments.,58.384399999999985,Average
ST0011,7,84,98,51,47,67,93,93,87,67.75,Average,python,maths,Increase study time and focus more on maths.,Focus more on MATHS as it is your weakest subject. Increase your weekly study time.,69.2318,Average
ST0012,11,55,44,77,94,97,72,64,100,66.33,Average,ml,os,Improve attendance and give additional attention to os.,Focus more on OS as it is your weakest subject. Improve your attendance. Spend more time completing and practicing assignments.,65.92979999999997,Average
ST0013,15,67,87,91,62,51,69,41,89,73.63,Average,ml,os,Improve attendance and give additional attention to os.,Focus more on OS as it is your weakest subject. Your study time is good. Maintain this consistency. Improve your attendance.,74.12130000000006,Average
ST0014,15,100,65,73,42,66,56,69,77,77.44,Good,ml,maths,Maintain your current performance and strengthen maths further.,Focus more on MATHS as it is your weakest subject. Your study time is good. Maintain this consistency. Your attendance is good. Keep maintaining it. Overall performance is good. Focus on strengthening your weak areas.,75.69389999999987,Good
ST0015,12,54,57,100,43,93,82,42,66,66.68,Average,dbms,os,Improve attendance and give additional attention to os.,Focus more on OS as it is your weakest subject. Improve your attendance. Spend more time completing and practicing assignments.,66.10860000000002,Average
ST0016,9,96,45,53,97,92,71,97,91,70.43,Average,maths,python,Increase study time and focus more on python.,Focus more on PYTHON as it is your weakest subject. Increase your weekly study time. Your attendance is good. Keep maintaining it. Spend more time completing and practicing assignments.,69.51270000000005,Average
ST0017,8,74,76,75,64,81,81,60,72,71.03,Average,dbms,os,Increase study time and focus more on os.,Focus more on OS as it is your weakest subject. Increase your weekly study time.,69.42199999999997,Average
ST0018,12,51,99,72,86,98,90,64,40,71.8,Average,dbms,ml,Improve attendance and give additional attention to ml.,Focus more on ML as it is your weakest subject. Improve your attendance.,69.49070000000006,Average
ST0019,12,59,87,62,77,86,53,59,83,76.81,Good,dbms,python,Improve attendance and give additional attention to python.,Focus more on PYTHON as it is your weakest subject. Improve your attendance. Overall performance is good. Focus on strengthening your weak areas.,74.04180000000012,Average
ST0020,7,79,52,89,54,69,97,88,92,62.95,Average,python,maths,Increase study time and focus more on maths.,Focus more on MATHS as it is your weakest subject. Increase your weekly study time. Spend more time completing and practicing assignments.,64.0608999999999,Average
ST0021,10,99,67,84,60,80,49,91,99,70.29,Average,ml,python,Maintain your current performance and strengthen python further.,Focus more on PYTHON as it is your weakest subject. Your attendance is good. Keep maintaining it.,69.36719999999998,Average
ST0022,9,94,44,41,74,73,86,61,73,64.0,Average,python,os,Increase study time and focus more on os.,Focus more on OS as it is your weakest subject. Increase your weekly study time. Your attendance is good. Keep maintaining it. Spend more time completing and practicing assignments.,63.503499999999995,Average
ST0023,6,54,52,80,96,76,99,60,43,65.1,Average,python,ml,Improve attendance and give additional attention to ml.,Focus more on ML as it is your weakest subject. Increase your weekly study time. Improve your attendance. Spend more time completing and practicing assignments.,62.903000000000056,Average
ST0024,12,82,56,60,92,45,90,100,56,67.71,Average,os,dbms,Complete assignments regularly and practice more in dbms.,Focus more on DBMS as it is your weakest subject. Spend more time completing and practicing assignments.,65.71809999999999,Average
ST0025,16,50,89,41,92,46,75,72,43,61.92,Average,maths,ml,Improve attendance and give additional attention to ml.,Focus more on ML as it is your weakest subject. Your study time is good. Maintain this consistency. Improve your attendance.,63.25390000000005,Average
ST0026,18,67,79,66,85,71,73,91,82,84.98,Good,os,dbms,Improve attendance and give additional attention to dbms.,Focus more on DBMS as it is your weakest subject. Your study time is good. Maintain this consistency. Improve your attendance. Overall performance is good. Focus on strengthening your weak areas.,76.32090000000007,Good
ST0027,10,81,84,96,91,71,48,77,93,72.58,Average,ml,python,Maintain your current performance and strengthen python further.,Focus more on PYTHON as it is your weakest subject.,72.98859999999996,Average
ST0028,6,96,71,48,53,92,81,100,65,66.98,Average,os,maths,Increase study time and focus more on maths.,Focus more on MATHS as it is your weakest subject. Increase your weekly study time. Your attendance is good. Keep maintaining it.,66.06269999999988,Average
ST0029,20,98,68,40,75,64,67,54,43,77.37,Good,maths,ml,Maintain your current performance and strengthen ml further.,Focus more on ML as it is your weakest subject. Your study time is good. Maintain this consistency. Your attendance is good. Keep maintaining it. Overall performance is good. Focus on strengthening your weak areas.,75.30439999999994,Good
ST0030,16,60,90,50,51,72,50,97,40,65.93,Average,os,ml,Improve attendance and give additional attention to ml.,Focus more on ML as it is your weakest subject. Your study time is good. Maintain this consistency. Improve your attendance.,66.46440000000005,Average
ST0031,9,70,97,42,56,94,53,97,46,62.08,Average,os,ml,Increase study time and focus more on ml.,Focus more on ML as it is your weakest subject. Increase your weekly study time.,64.4176,Average
ST0032,5,75,42,91,78,97,78,85,69,62.48,Average,dbms,ml,Increase study time and focus more on ml.,Focus more on ML as it is your weakest subject. Increase your weekly study time. Spend more time completing and practicing assignments.,63.97639999999992,Average
ST0033,16,74,95,62,48,46,94,91,89,80.02,Good,python,dbms,Maintain your current performance and strengthen dbms further.,Focus more on DBMS as it is your weakest subject. Your study time is good. Maintain this consistency. Overall performance is good. Focus on strengthening your weak areas.,79.27140000000016,Good
ST0034,14,71,79,65,74,91,86,54,48,75.2,Good,dbms,ml,Maintain your current performance and strengthen ml further.,Focus more on ML as it is your weakest subject. Overall performance is good. Focus on strengthening your weak areas.,74.14379999999991,Average
ST0035,10,76,73,43,99,96,93,85,100,72.04,Average,ml,os,Maintain your current performance and strengthen os further.,Focus more on OS as it is your weakest subject.,70.46629999999999,Average
ST0036,17,98,79,57,52,51,58,64,74,80.56,Good,ml,dbms,Maintain your current performance and strengthen dbms further.,Focus more on DBMS as it is your weakest subject. Your study time is good. Maintain this consistency. Your attendance is good. Keep maintaining it. Overall performance is good. Focus on strengthening your weak areas.,77.22920000000009,Good
ST0037,16,62,66,94,54,55,93,60,47,71.06,Average,python,ml,Improve attendance and give additional attention to ml.,Focus more on ML as it is your weakest subject. Your study time is good. Maintain this consistency. Improve your attendance.,70.93280000000009,Average
ST0038,13,82,52,45,57,55,54,63,100,68.05,Average,ml,python,Complete assignments regularly and practice more in python.,Focus more on PYTHON as it is your weakest subject. Spend more time completing and practicing assignments.,67.2802000000001,Average
ST0039,5,83,84,74,90,82,67,96,63,67.28,Average,os,ml,Increase study time and focus more on ml.,Focus more on ML as it is your weakest subject. Increase your weekly study time.,67.91410000000002,Average
ST0040,15,90,72,61,72,92,63,97,58,84.53,Good,os,ml,Maintain your current performance and strengthen ml further.,Focus more on ML as it is your weakest subject. Your study time is good. Maintain this consistency. Your attendance is good. Keep maintaining it. Overall performance is good. Focus on strengthening your weak areas.,73.65519999999997,Average
ST0041,15,84,45,82,45,75,47,44,75,72.95,Average,dbms,os,Complete assignments regularly and practice more in os.,Focus more on OS as it is your weakest subject. Your study time is good. Maintain this consistency. Spend more time completing and practicing assignments.,71.55349999999993,Average
ST0042,19,50,63,54,98,52,82,45,89,69.16,Average,maths,os,Improve attendance and give additional attention to os.,Focus more on OS as it is your weakest subject. Your study time is good. Maintain this consistency. Improve your attendance.,68.61409999999994,Average
ST0043,14,70,58,61,66,46,100,88,91,75.46,Good,python,dbms,Complete assignments regularly and practice more in dbms.,Focus more on DBMS as it is your weakest subject. Spend more time completing and practicing assignments. Overall performance is good. Focus on strengthening your weak areas.,73.27480000000004,Average
ST0044,20,97,55,99,62,75,48,82,98,88.74,Good,ml,python,Complete assignments regularly and practice more in python.,Focus more on PYTHON as it is your weakest subject. Your study time is good. Maintain this consistency. Your attendance is good. Keep maintaining it. Spend more time completing and practicing assignments. Overall performance is good. Focus on strengthening your weak areas.,83.68969999999995,Good
ST0045,16,55,79,76,98,86,86,87,82,84.44,Good,maths,ml,Improve attendance and give additional attention to ml.,Focus more on ML as it is your weakest subject. Your study time is good. Maintain this consistency. Improve your attendance. Overall performance is good. Focus on strengthening your weak areas.,76.7685,Good
ST0046,16,77,67,91,66,90,72,83,66,67.71,Average,dbms,maths,Maintain your current performance and strengthen maths further.,Focus more on MATHS as it is your weakest subject. Your study time is good. Maintain this consistency.,71.86960000000003,Average
ST0047,20,66,72,81,73,48,72,86,71,80.23,Good,os,dbms,Improve attendance and give additional attention to dbms.,Focus more on DBMS as it is your weakest subject. Your study time is good. Maintain this consistency. Improve your attendance. Overall performance is good. Focus on strengthening your weak areas.,79.57449999999987,Good
ST0048,19,54,98,51,95,71,58,62,53,75.35,Good,maths,ml,Improve attendance and give additional attention to ml.,Focus more on ML as it is your weakest subject. Your study time is good. Maintain this consistency. Improve your attendance. Overall performance is good. Focus on strengthening your weak areas.,74.1617000000001,Average
ST0049,18,80,98,86,85,50,42,43,96,81.6,Good,ml,python,Maintain your current performance and strengthen python further.,Focus more on PYTHON as it is your weakest subject. Your study time is good. Maintain this consistency. Overall performance is good. Focus on strengthening your weak areas.,80.9911000000001,Good
ST0050,18,54,87,88,77,47,49,66,57,73.94,Average,maths,dbms,Improve attendance and give additional attention to dbms.,Focus more on DBMS as it is your weakest subject. Your study time is good. Maintain this consistency. Improve your attendance.,74.87969999999991,Average
ST0051,19,87,80,81,53,72,79,57,67,80.15,Good,python,maths,Maintain your current performance and strengthen maths further.,Focus more on MATHS as it is your weakest subject. Your study time is good. Maintain this consistency. Your attendance is good. Keep maintaining it. Overall performance is good. Focus on strengthening your weak areas.,79.63599999999991,Good
ST0052,18,52,52,77,75,62,86,60,99,77.02,Good,ml,os,Improve attendance and give additional attention to os.,Focus more on OS as it is your weakest subject. Your study time is good. Maintain this consistency. Improve your attendance. Spend more time completing and practicing assignments. Overall performance is good. Focus on strengthening your weak areas.,75.44150000000015,Good
ST0053,7,72,82,57,92,64,81,67,68,66.85,Average,maths,dbms,Increase study time and focus more on dbms.,Focus more on DBMS as it is your weakest subject. Increase your weekly study time.,67.04260000000006,Average
ST0054,16,86,84,84,47,95,40,74,55,76.74,Good,dbms,python,Maintain your current performance and strengthen python further.,Focus more on PYTHON as it is your weakest subject. Your study time is good. Maintain this consistency. Your attendance is good. Keep maintaining it. Overall performance is good. Focus on strengthening your weak areas.,77.50189999999989,Good
ST0055,11,86,64,74,74,47,68,61,74,71.84,Average,maths,dbms,Maintain your current performance and strengthen dbms further.,Focus more on DBMS as it is your weakest subject. Your attendance is good. Keep maintaining it.,65.41969999999998,Average
ST0056,8,59,92,69,58,84,89,79,86,70.39,Average,python,maths,Improve attendance and give additional attention to maths.,Focus more on MATHS as it is your weakest subject. Increase your weekly study time. Improve your attendance.,67.29279999999999,Average
ST0057,20,59,81,63,69,61,73,62,98,77.91,Good,ml,dbms,Improve attendance and give additional attention to dbms.,Focus more on DBMS as it is your weakest subject. Your study time is good. Maintain this consistency. Improve your attendance. Overall performance is good. Focus on strengthening your weak areas.,74.73969999999996,Average
ST0058,13,68,75,81,53,98,90,42,98,80.74,Good,dbms,os,Improve attendance and give additional attention to os.,Focus more on OS as it is your weakest subject. Improve your attendance. Overall performance is good. Focus on strengthening your weak areas.,78.84669999999991,Good
ST0059,7,66,66,69,98,43,52,79,70,59.35,Needs Improvement,maths,dbms,Improve attendance and give additional attention to dbms.,Focus more on DBMS as it is your weakest subject. Increase your weekly study time. Improve your attendance.,59.238000000000056,Average
ST0060,9,70,77,53,59,79,93,89,43,58.35,Needs Improvement,python,ml,Increase study time and focus more on ml.,Focus more on ML as it is your weakest subject. Increase your weekly study time.,67.14120000000001,Average
ST0061,7,63,99,45,88,42,40,49,76,58.99,Needs Improvement,maths,python,Improve attendance and give additional attention to python.,Focus more on PYTHON as it is your weakest subject. Increase your weekly study time. Improve your attendance.,63.02969999999999,Average
ST0062,11,58,46,42,64,68,73,64,56,56.51,Needs Improvement,python,ml,Improve attendance and give additional attention to ml.,Focus more on ML as it is your weakest subject. Improve your attendance. Spend more time completing and practicing assignments.,57.535900000000076,Average
ST0063,9,95,44,55,79,80,68,91,78,68.71,Average,os,python,Increase study time and focus more on python.,Focus more on PYTHON as it is your weakest subject. Increase your weekly study time. Your attendance is good. Keep maintaining it. Spend more time completing and practicing assignments.,67.29700000000001,Average
ST0064,13,50,82,46,63,68,87,88,87,67.64,Average,os,maths,Improve attendance and give additional attention to maths.,Focus more on MATHS as it is your weakest subject. Improve your attendance.,67.06200000000001,Average
ST0065,11,100,84,91,53,73,86,47,85,79.35,Good,python,os,Maintain your current performance and strengthen os further.,Focus more on OS as it is your weakest subject. Your attendance is good. Keep maintaining it. Overall performance is good. Focus on strengthening your weak areas.,76.43410000000009,Good
ST0066,6,94,97,53,65,73,52,94,65,77.05,Good,os,python,Increase study time and focus more on python.,Focus more on PYTHON as it is your weakest subject. Increase your weekly study time. Your attendance is good. Keep maintaining it. Overall performance is good. Focus on strengthening your weak areas.,72.80320000000009,Average
ST0067,8,62,96,48,77,67,87,50,87,67.87,Average,python,os,Improve attendance and give additional attention to os.,Focus more on OS as it is your weakest subject. Increase your weekly study time. Improve your attendance.,64.68550000000003,Average
ST0068,13,53,90,54,62,52,88,100,78,73.06,Average,os,dbms,Improve attendance and give additional attention to dbms.,Focus more on DBMS as it is your weakest subject. Improve your attendance.,69.05060000000003,Average
ST0069,16,50,70,60,61,54,92,44,80,65.65,Average,python,os,Improve attendance and give additional attention to os.,Focus more on OS as it is your weakest subject. Your study time is good. Maintain this consistency. Improve your attendance.,66.64029999999994,Average
ST0070,18,98,62,74,87,99,100,97,43,77.38,Good,python,ml,Maintain your current performance and strengthen ml further.,Focus more on ML as it is your weakest subject. Your study time is good. Maintain this consistency. Your attendance is good. Keep maintaining it. Overall performance is good. Focus on strengthening your weak areas.,77.16190000000002,Good
ST0071,6,89,81,41,96,62,68,84,69,54.99,Needs Improvement,maths,dbms,Increase study time and focus more on dbms.,Focus more on DBMS as it is your weakest subject. Increase your weekly study time. Your attendance is good. Keep maintaining it.,67.48169999999999,Average
ST0072,14,81,49,66,58,83,78,92,69,67.93,Average,os,maths,Complete assignments regularly and practice more in maths.,Focus more on MATHS as it is your weakest subject. Spend more time completing and practicing assignments.,68.96770000000006,Average
ST0073,13,83,71,41,85,65,63,94,61,57.69,Needs Improvement,os,ml,Maintain your current performance and strengthen ml further.,Focus more on ML as it is your weakest subject.,68.98109999999998,Average
ST0074,14,77,82,74,90,43,65,76,50,73.68,Average,maths,dbms,Maintain your current performance and strengthen dbms further.,Focus more on DBMS as it is your weakest subject.,74.11530000000005,Average
ST0075,9,80,92,57,42,65,56,95,41,62.75,Average,os,ml,Increase study time and focus more on ml.,Focus more on ML as it is your weakest subject. Increase your weekly study time.,64.19170000000001,Average
ST0076,6,57,69,53,81,79,46,98,83,54.69,Needs Improvement,os,python,Improve attendance and give additional attention to python.,Focus more on PYTHON as it is your weakest subject. Increase your weekly study time. Improve your attendance.,56.26799999999997,Average
ST0077,8,88,78,59,58,48,52,84,51,62.78,Average,os,dbms,Increase study time and focus more on dbms.,Focus more on DBMS as it is your weakest subject. Increase your weekly study time. Your attendance is good. Keep maintaining it.,64.2084,Average
ST0078,16,75,70,57,48,94,44,77,69,66.59,Average,dbms,python,Maintain your current performance and strengthen python further.,Focus more on PYTHON as it is your weakest subject. Your study time is good. Maintain this consistency.,67.83010000000006,Average
ST0079,19,83,57,49,67,44,65,68,75,71.48,Average,ml,dbms,Complete assignments regularly and practice more in dbms.,Focus more on DBMS as it is your weakest subject. Your study time is good. Maintain this consistency. Spend more time completing and practicing assignments.,69.03970000000002,Average
ST0080,16,52,75,64,59,95,88,44,57,71.49,Average,dbms,os,Improve attendance and give additional attention to os.,Focus more on OS as it is your weakest subject. Your study time is good. Maintain this consistency. Improve your attendance.,70.33139999999992,Average
ST0081,11,99,41,41,84,71,42,48,65,57.04,Needs Improvement,maths,python,Complete assignments regularly and practice more in python.,Focus more on PYTHON as it is your weakest subject. Your attendance is good. Keep maintaining it. Spend more time completing and practicing assignments.,58.798099999999984,Average
ST0082,16,61,53,64,46,59,46,98,92,65.62,Average,os,maths,Improve attendance and give additional attention to maths.,Focus more on MATHS as it is your weakest subject. Your study time is good. Maintain this consistency. Improve your attendance. Spend more time completing and practicing assignments.,66.62759999999994,Average
ST0083,17,50,52,100,53,89,97,87,46,74.2,Average,python,ml,Improve attendance and give additional attention to ml.,Focus more on ML as it is your weakest subject. Your study time is good. Maintain this consistency. Improve your attendance. Spend more time completing and practicing assignments.,74.0484999999999,Average
ST0084,12,93,68,93,48,50,88,41,100,67.36,Average,ml,os,Maintain your current performance and strengthen os further.,Focus more on OS as it is your weakest subject. Your attendance is good. Keep maintaining it.,67.67049999999993,Average
ST0085,19,54,51,72,98,54,78,40,40,68.11,Average,maths,os,Improve attendance and give additional attention to os.,Focus more on OS as it is your weakest subject. Your study time is good. Maintain this consistency. Improve your attendance. Spend more time completing and practicing assignments.,66.27229999999994,Average
ST0086,7,79,78,75,99,71,92,79,97,66.74,Average,maths,dbms,Increase study time and focus more on dbms.,Focus more on DBMS as it is your weakest subject. Increase your weekly study time.,68.2099999999999,Average
ST0087,18,79,41,70,94,67,40,99,65,74.31,Average,os,python,Complete assignments regularly and practice more in python.,Focus more on PYTHON as it is your weakest subject. Your study time is good. Maintain this consistency. Spend more time completing and practicing assignments.,70.70029999999998,Average
ST0088,5,66,71,53,96,61,88,90,62,59.55,Needs Improvement,maths,dbms,Improve attendance and give additional attention to dbms.,Focus more on DBMS as it is your weakest subject. Increase your weekly study time. Improve your attendance.,60.77430000000007,Average
ST0089,8,97,52,40,99,80,56,69,65,56.43,Needs Improvement,maths,python,Increase study time and focus more on python.,Focus more on PYTHON as it is your weakest subject. Increase your weekly study time. Your attendance is good. Keep maintaining it. Spend more time completing and practicing assignments.,60.50050000000001,Average
ST0090,6,96,85,85,58,56,82,50,84,66.68,Average,ml,os,Increase study time and focus more on os.,Focus more on OS as it is your weakest subject. Increase your weekly study time. Your attendance is good. Keep maintaining it.,67.62310000000006,Average
ST0091,12,72,66,55,86,98,64,67,45,64.0,Average,dbms,ml,Maintain your current performance and strengthen ml further.,Focus more on ML as it is your weakest subject.,63.14569999999999,Average
ST0092,8,64,88,93,91,65,98,83,45,75.76,Good,python,ml,Improve attendance and give additional attention to ml.,Focus more on ML as it is your weakest subject. Increase your weekly study time. Improve your attendance. Overall performance is good. Focus on strengthening your weak areas.,73.41160000000012,Average
ST0093,6,86,80,85,53,83,100,51,83,70.24,Average,python,os,Increase study time and focus more on os.,Focus more on OS as it is your weakest subject. Increase your weekly study time. Your attendance is good. Keep maintaining it.,69.88689999999991,Average
ST0094,18,70,56,100,95,46,42,78,47,69.63,Average,maths,python,Complete assignments regularly and practice more in python.,Focus more on PYTHON as it is your weakest subject. Your study time is good. Maintain this consistency. Spend more time completing and practicing assignments.,71.84810000000004,Average
ST0095,10,63,79,91,77,81,54,65,63,75.35,Good,dbms,python,Improve attendance and give additional attention to python.,Focus more on PYTHON as it is your weakest subject. Improve your attendance. Overall performance is good. Focus on strengthening your weak areas.,73.46860000000008,Average
ST0096,10,51,70,42,92,96,68,52,61,62.79,Average,dbms,os,Improve attendance and give additional attention to os.,Focus more on OS as it is your weakest subject. Improve your attendance.,61.17809999999998,Average
ST0097,14,60,73,74,100,65,92,98,58,72.61,Average,maths,ml,Improve attendance and give additional attention to ml.,Focus more on ML as it is your weakest subject. Improve your attendance.,71.11219999999999,Average
ST0098,8,100,99,80,75,64,82,47,76,67.71,Average,python,os,Increase study time and focus more on os.,Focus more on OS as it is your weakest subject. Increase your weekly study time. Your attendance is good. Keep maintaining it.,69.30220000000004,Average
ST0099,10,88,63,45,79,49,71,100,57,62.62,Average,os,dbms,Maintain your current performance and strengthen dbms further.,Focus more on DBMS as it is your weakest subject. Your attendance is good. Keep maintaining it.,62.63279999999993,Average
ST0100,17,87,84,64,56,98,65,100,70,78.6,Good,os,maths,Maintain your current performance and strengthen maths further.,Focus more on MATHS as it is your weakest subject. Your study time is good. Maintain this consistency. Your attendance is good. Keep maintaining it. Overall performance is good. Focus on strengthening your weak areas.,78.36380000000011,Good
ST0101,19,83,74,52,69,84,99,93,76,81.3,Good,python,maths,Maintain your current performance and strengthen maths further.,Focus more on MATHS as it is your weakest subject. Your study time is good. Maintain this consistency. Overall performance is good. Focus on strengthening your weak areas.,79.66930000000005,Good
ST0102,6,87,87,92,48,58,55,67,69,69.12,Average,ml,maths,Increase study time and focus more on maths.,Focus more on MATHS as it is your weakest subject. Increase your weekly study time. Your attendance is good. Keep maintaining it.,67.86770000000001,Average
ST0103,14,99,45,73,72,50,64,97,96,76.31,Good,os,dbms,Complete assignments regularly and practice more in dbms.,Focus more on DBMS as it is your weakest subject. Your attendance is good. Keep maintaining it. Spend more time completing and practicing assignments. Overall performance is good. Focus on strengthening your weak areas.,75.85190000000009,Good
ST0104,16,83,58,47,95,52,93,69,81,65.05,Average,maths,dbms,Complete assignments regularly and practice more in dbms.,Focus more on DBMS as it is your weakest subject. Your study time is good. Maintain this consistency. Spend more time completing and practicing assignments.,67.51570000000005,Average
ST0105,6,67,69,60,91,92,67,48,72,62.13,Average,dbms,os,Improve attendance and give additional attention to os.,Focus more on OS as it is your weakest subject. Increase your weekly study time. Improve your attendance.,62.40020000000005,Average
ST0106,14,79,46,73,64,47,48,78,49,63.08,Average,os,dbms,Complete assignments regularly and practice more in dbms.,Focus more on DBMS as it is your weakest subject. Spend more time completing and practicing assignments.,64.43589999999993,Average
ST0107,18,64,49,43,53,79,95,70,76,78.22,Good,python,maths,Improve attendance and give additional attention to maths.,Focus more on MATHS as it is your weakest subject. Your study time is good. Maintain this consistency. Improve your attendance. Spend more time completing and practicing assignments. Overall performance is good. Focus on strengthening your weak areas.,75.36400000000005,Good
ST0108,8,76,80,64,50,43,95,97,51,64.78,Average,os,dbms,Increase study time and focus more on dbms.,Focus more on DBMS as it is your weakest subject. Increase your weekly study time.,67.02789999999999,Average
ST0109,18,100,71,54,92,86,40,60,93,75.23,Good,ml,python,Maintain your current performance and strengthen python further.,Focus more on PYTHON as it is your weakest subject. Your study time is good. Maintain this consistency. Your attendance is good. Keep maintaining it. Overall performance is good. Focus on strengthening your weak areas.,74.1481999999999,Average
ST0110,19,83,73,43,74,70,68,95,69,75.61,Good,os,python,Maintain your current performance and strengthen python further.,Focus more on PYTHON as it is your weakest subject. Your study time is good. Maintain this consistency. Overall performance is good. Focus on strengthening your weak areas.,74.63099999999991,Average
ST0111,20,87,67,84,80,67,96,86,66,83.32,Good,python,ml,Maintain your current performance and strengthen ml further.,Focus more on ML as it is your weakest subject. Your study time is good. Maintain this consistency. Your attendance is good. Keep maintaining it. Overall performance is good. Focus on strengthening your weak areas.,79.46239999999995,Good
ST0112,19,82,99,99,98,50,61,73,78,78.24,Good,maths,dbms,Maintain your current performance and strengthen dbms further.,Focus more on DBMS as it is your weakest subject. Your study time is good. Maintain this consistency. Overall performance is good. Focus on strengthening your weak areas.,79.77649999999993,Good
ST0113,12,73,54,51,53,82,55,94,48,63.57,Average,os,ml,Complete assignments regularly and practice more in ml.,Focus more on ML as it is your weakest subject. Spend more time completing and practicing assignments.,62.67880000000001,Average
ST0114,18,64,69,71,69,40,80,70,93,72.0,Average,ml,dbms,Improve attendance and give additional attention to dbms.,Focus more on DBMS as it is your weakest subject. Your study time is good. Maintain this consistency. Improve your attendance.,72.50659999999999,Average
ST0115,11,79,76,71,80,88,90,91,60,73.42,Average,os,ml,Maintain your current performance and strengthen ml further.,Focus more on ML as it is your weakest subject.,72.94100000000005,Average
ST0116,16,91,68,67,43,86,83,64,51,69.3,Average,dbms,maths,Maintain your current performance and strengthen maths further.,Focus more on MATHS as it is your weakest subject. Your study time is good. Maintain this consistency. Your attendance is good. Keep maintaining it.,70.61780000000005,Average
ST0117,13,100,61,52,98,91,90,51,94,70.25,Average,maths,os,Maintain your current performance and strengthen os further.,Focus more on OS as it is your weakest subject. Your attendance is good. Keep maintaining it.,70.5513,Average
ST0118,18,66,43,70,43,77,93,40,68,70.84,Average,python,os,Improve attendance and give additional attention to os.,Focus more on OS as it is your weakest subject. Your study time is good. Maintain this consistency. Improve your attendance. Spend more time completing and practicing assignments.,70.34510000000004,Average
ST0119,12,54,59,53,67,63,80,94,72,67.65,Average,os,dbms,Improve attendance and give additional attention to dbms.,Focus more on DBMS as it is your weakest subject. Improve your attendance. Spend more time completing and practicing assignments.,65.14019999999994,Average
ST0120,9,78,71,59,47,93,46,61,82,64.9,Average,dbms,python,Increase study time and focus more on python.,Focus more on PYTHON as it is your weakest subject. Increase your weekly study time.,64.24059999999994,Average
ST0121,20,53,75,57,41,99,53,79,92,65.99,Average,dbms,maths,Improve attendance and give additional attention to maths.,Focus more on MATHS as it is your weakest subject. Your study time is good. Maintain this consistency. Improve your attendance.,71.12899999999998,Average
ST0122,17,59,89,68,80,96,68,76,54,77.51,Good,dbms,ml,Improve attendance and give additional attention to ml.,Focus more on ML as it is your weakest subject. Your study time is good. Maintain this consistency. Improve your attendance. Overall performance is good. Focus on strengthening your weak areas.,76.5578000000001,Good
ST0123,6,66,43,99,100,86,58,86,41,55.99,Needs Improvement,maths,ml,Improve attendance and give additional attention to ml.,Focus more on ML as it is your weakest subject. Increase your weekly study time. Improve your attendance. Spend more time completing and practicing assignments.,59.89839999999993,Average
ST0124,19,59,66,45,85,70,58,40,91,65.94,Average,ml,os,Improve attendance and give additional attention to os.,Focus more on OS as it is your weakest subject. Your study time is good. Maintain this consistency. Improve your attendance.,65.69979999999993,Average
ST0125,9,66,56,71,61,80,41,40,78,62.41,Average,dbms,os,Improve attendance and give additional attention to os.,Focus more on OS as it is your weakest subject. Increase your weekly study time. Improve your attendance. Spend more time completing and practicing assignments.,62.18609999999996,Average
ST0126,12,69,51,68,80,85,80,96,92,73.14,Average,os,maths,Improve attendance and give additional attention to maths.,Focus more on MATHS as it is your weakest subject. Improve your attendance. Spend more time completing and practicing assignments.,70.70970000000007,Average
ST0127,14,73,61,82,95,89,84,81,83,78.47,Good,maths,os,Maintain your current performance and strengthen os further.,Focus more on OS as it is your weakest subject. Overall performance is good. Focus on strengthening your weak areas.,77.18410000000003,Good
ST0128,13,54,56,41,94,65,54,93,93,68.83,Average,maths,python,Improve attendance and give additional attention to python.,Focus more on PYTHON as it is your weakest subject. Improve your attendance. Spend more time completing and practicing assignments.,67.40879999999997,Average
ST0129,16,83,49,99,55,88,42,81,57,75.5,Good,dbms,python,Complete assignments regularly and practice more in python.,Focus more on PYTHON as it is your weakest subject. Your study time is good. Maintain this consistency. Spend more time completing and practicing assignments. Overall performance is good. Focus on strengthening your weak areas.,74.60800000000002,Average
ST0130,16,55,93,62,68,89,50,60,42,61.05,Average,dbms,ml,Improve attendance and give additional attention to ml.,Focus more on ML as it is your weakest subject. Your study time is good. Maintain this consistency. Improve your attendance.,63.257900000000085,Average
ST0131,16,51,40,58,88,44,92,54,46,59.55,Needs Improvement,python,dbms,Improve attendance and give additional attention to dbms.,Focus more on DBMS as it is your weakest subject. Your study time is good. Maintain this consistency. Improve your attendance. Spend more time completing and practicing assignments.,61.031300000000066,Average
ST0132,17,62,61,70,87,59,85,56,82,71.61,Average,maths,os,Improve attendance and give additional attention to os.,Focus more on OS as it is your weakest subject. Your study time is good. Maintain this consistency. Improve your attendance.,71.72049999999992,Average
ST0133,13,92,65,90,69,91,69,61,57,73.71,Average,dbms,ml,Maintain your current performance and strengthen ml further.,Focus more on ML as it is your weakest subject. Your attendance is good. Keep maintaining it.,74.03210000000003,Average
ST0134,17,92,95,44,51,80,96,77,83,76.27,Good,python,maths,Maintain your current performance and strengthen maths further.,Focus more on MATHS as it is your weakest subject. Your study time is good. Maintain this consistency. Your attendance is good. Keep maintaining it. Overall performance is good. Focus on strengthening your weak areas.,77.19790000000013,Good
ST0135,19,97,98,58,74,50,79,74,77,77.61,Good,python,dbms,Maintain your current performance and strengthen dbms further.,Focus more on DBMS as it is your weakest subject. Your study time is good. Maintain this consistency. Your attendance is good. Keep maintaining it. Overall performance is good. Focus on strengthening your weak areas.,77.6770999999999,Good
ST0136,17,60,57,73,50,95,57,84,76,80.44,Good,dbms,maths,Improve attendance and give additional attention to maths.,Focus more on MATHS as it is your weakest subject. Your study time is good. Maintain this consistency. Improve your attendance. Spend more time completing and practicing assignments. Overall performance is good. Focus on strengthening your weak areas.,76.0235999999999,Good
ST0137,5,100,89,49,85,93,90,55,97,68.55,Average,ml,os,Increase study time and focus more on os.,Focus more on OS as it is your weakest subject. Increase your weekly study time. Your attendance is good. Keep maintaining it.,70.49480000000003,Average
ST0138,13,96,53,64,89,72,87,47,72,80.05,Good,maths,os,Complete assignments regularly and practice more in os.,Focus more on OS as it is your weakest subject. Your attendance is good. Keep maintaining it. Spend more time completing and practicing assignments. Overall performance is good. Focus on strengthening your weak areas.,72.7907,Average
ST0139,11,72,86,41,60,89,41,86,83,61.41,Average,dbms,python,Maintain your current performance and strengthen python further.,Focus more on PYTHON as it is your weakest subject.,63.200799999999965,Average
ST0140,13,65,68,50,60,77,71,56,98,68.42,Average,ml,os,Improve attendance and give additional attention to os.,Focus more on OS as it is your weakest subject. Improve your attendance.,69.04749999999999,Average
ST0141,12,80,51,89,44,66,47,56,70,65.73,Average,ml,maths,Complete assignments regularly and practice more in maths.,Focus more on MATHS as it is your weakest subject. Spend more time completing and practicing assignments.,65.3124999999999,Average
ST0142,5,60,75,100,87,73,61,93,97,65.33,Average,ml,python,Improve attendance and give additional attention to python.,Focus more on PYTHON as it is your weakest subject. Increase your weekly study time. Improve your attendance.,66.46039999999998,Average
ST0143,16,65,98,70,59,54,45,65,50,68.19,Average,os,python,Improve attendance and give additional attention to python.,Focus more on PYTHON as it is your weakest subject. Your study time is good. Maintain this consistency. Improve your attendance.,69.69099999999992,Average
ST0144,12,57,74,95,76,71,51,52,43,66.35,Average,maths,ml,Improve attendance and give additional attention to ml.,Focus more on ML as it is your weakest subject. Improve your attendance.,65.87960000000008,Average
ST0145,12,53,91,54,42,100,86,56,98,65.06,Average,dbms,maths,Improve attendance and give additional attention to maths.,Focus more on MATHS as it is your weakest subject. Improve your attendance.,65.98090000000008,Average
ST0146,19,89,100,48,83,97,96,77,57,82.23,Good,dbms,ml,Maintain your current performance and strengthen ml further.,Focus more on ML as it is your weakest subject. Your study time is good. Maintain this consistency. Your attendance is good. Keep maintaining it. Overall performance is good. Focus on strengthening your weak areas.,80.60979999999988,Good
ST0147,15,53,51,62,72,60,79,56,43,52.14,Needs Improvement,python,ml,Improve attendance and give additional attention to ml.,Focus more on ML as it is your weakest subject. Your study time is good. Maintain this consistency. Improve your attendance. Spend more time completing and practicing assignments.,56.672000000000025,Average
ST0148,7,74,46,58,92,85,75,87,88,66.44,Average,maths,python,Increase study time and focus more on python.,Focus more on PYTHON as it is your weakest subject. Increase your weekly study time. Spend more time completing and practicing assignments.,65.9821999999999,Average
ST0149,5,52,68,48,100,44,54,53,73,57.79,Needs Improvement,maths,dbms,Improve attendance and give additional attention to dbms.,Focus more on DBMS as it is your weakest subject. Increase your weekly study time. Improve your attendance.,56.09249999999995,Average
ST0150,12,81,50,74,48,45,67,84,68,66.41,Average,os,dbms,Complete assignments regularly and practice more in dbms.,Focus more on DBMS as it is your weakest subject. Spend more time completing and practicing assignments.,65.72719999999995,Average
ST0151,7,52,72,60,100,77,91,45,63,69.98,Average,maths,os,Improve attendance and give additional attention to os.,Focus more on OS as it is your weakest subject. Increase your weekly study time. Improve your attendance.,67.05389999999989,Average
ST0152,7,76,45,48,48,61,96,74,61,58.88,Needs Improvement,python,maths,Increase study time and focus more on maths.,Focus more on MATHS as it is your weakest subject. Increase your weekly study time. Spend more time completing and practicing assignments.,59.06620000000004,Average
ST0153,5,78,86,67,43,57,88,85,41,66.2,Average,python,ml,Increase study time and focus more on ml.,Focus more on ML as it is your weakest subject. Increase your weekly study time.,65.38999999999992,Average
ST0154,15,81,54,85,74,53,84,53,83,77.24,Good,python,dbms,Complete assignments regularly and practice more in dbms.,Focus more on DBMS as it is your weakest subject. Your study time is good. Maintain this consistency. Spend more time completing and practicing assignments. Overall performance is good. Focus on strengthening your weak areas.,75.04289999999986,Good
ST0155,9,99,71,90,56,49,57,86,45,57.51,Needs Improvement,os,ml,Increase study time and focus more on ml.,Focus more on ML as it is your weakest subject. Increase your weekly study time. Your attendance is good. Keep maintaining it.,60.98710000000008,Average
ST0156,14,100,90,46,73,85,41,47,81,73.98,Average,dbms,python,Maintain your current performance and strengthen python further.,Focus more on PYTHON as it is your weakest subject. Your attendance is good. Keep maintaining it.,73.71829999999986,Average
ST0157,11,68,50,55,63,52,52,100,64,54.59,Needs Improvement,os,dbms,Improve attendance and give additional attention to dbms.,Focus more on DBMS as it is your weakest subject. Improve your attendance. Spend more time completing and practicing assignments.,56.66480000000005,Average
ST0158,14,70,97,55,71,70,84,54,94,68.69,Average,ml,os,Maintain your current performance and strengthen os further.,Focus more on OS as it is your weakest subject.,70.65349999999994,Average
ST0159,13,54,62,99,40,69,93,93,96,68.59,Average,ml,maths,Improve attendance and give additional attention to maths.,Focus more on MATHS as it is your weakest subject. Improve your attendance.,71.14760000000004,Average
ST0160,16,67,65,72,47,42,54,100,60,66.56,Average,os,dbms,Improve attendance and give additional attention to dbms.,Focus more on DBMS as it is your weakest subject. Your study time is good. Maintain this consistency. Improve your attendance.,67.5016000000001,Average
ST0161,11,77,73,43,84,69,59,66,94,68.59,Average,ml,python,Maintain your current performance and strengthen python further.,Focus more on PYTHON as it is your weakest subject.,67.30630000000008,Average
ST0162,13,91,85,43,62,45,68,52,98,70.34,Average,ml,dbms,Maintain your current performance and strengthen dbms further.,Focus more on DBMS as it is your weakest subject. Your attendance is good. Keep maintaining it.,70.14860000000003,Average
ST0163,12,71,73,78,86,68,98,88,55,72.9,Average,python,ml,Maintain your current performance and strengthen ml further.,Focus more on ML as it is your weakest subject.,71.11349999999992,Average
ST0164,16,70,68,79,79,47,81,70,70,75.73,Good,python,dbms,Maintain your current performance and strengthen dbms further.,Focus more on DBMS as it is your weakest subject. Your study time is good. Maintain this consistency. Overall performance is good. Focus on strengthening your weak areas.,74.27749999999992,Average
ST0165,6,55,43,56,51,83,68,92,53,56.52,Needs Improvement,os,maths,Improve attendance and give additional attention to maths.,Focus more on MATHS as it is your weakest subject. Increase your weekly study time. Improve your attendance. Spend more time completing and practicing assignments.,56.83650000000007,Average
ST0166,5,50,56,76,93,84,42,95,78,61.51,Average,os,python,Improve attendance and give additional attention to python.,Focus more on PYTHON as it is your weakest subject. Increase your weekly study time. Improve your attendance. Spend more time completing and practicing assignments.,60.71590000000008,Average
ST0167,20,54,74,78,51,82,58,74,67,67.24,Average,dbms,maths,Improve attendance and give additional attention to maths.,Focus more on MATHS as it is your weakest subject. Your study time is good. Maintain this consistency. Improve your attendance.,70.3644999999999,Average
ST0168,11,90,52,99,85,83,42,99,71,70.79,Average,os,python,Complete assignments regularly and practice more in python.,Focus more on PYTHON as it is your weakest subject. Your attendance is good. Keep maintaining it. Spend more time completing and practicing assignments.,69.65129999999998,Average
ST0169,11,61,80,91,86,72,93,45,67,71.32,Average,python,os,Improve attendance and give additional attention to os.,Focus more on OS as it is your weakest subject. Improve your attendance.,69.4099,Average
ST0170,18,75,78,68,54,56,53,44,90,74.87,Average,ml,os,Maintain your current performance and strengthen os further.,Focus more on OS as it is your weakest subject. Your study time is good. Maintain this consistency.,74.59259999999996,Average
ST0171,12,95,54,91,80,87,79,61,94,70.76,Average,ml,os,Complete assignments regularly and practice more in os.,Focus more on OS as it is your weakest subject. Your attendance is good. Keep maintaining it. Spend more time completing and practicing assignments.,70.74150000000007,Average
ST0172,9,83,94,75,58,50,98,97,88,74.12,Average,python,dbms,Increase study time and focus more on dbms.,Focus more on DBMS as it is your weakest subject. Increase your weekly study time.,72.74349999999995,Average
ST0173,7,98,68,99,65,52,94,88,48,64.78,Average,python,ml,Increase study time and focus more on ml.,Focus more on ML as it is your weakest subject. Increase your weekly study time. Your attendance is good. Keep maintaining it.,64.90659999999998,Average
ST0174,16,63,68,77,91,89,43,62,97,78.04,Good,ml,python,Improve attendance and give additional attention to python.,Focus more on PYTHON as it is your weakest subject. Your study time is good. Maintain this consistency. Improve your attendance. Overall performance is good. Focus on strengthening your weak areas.,76.8251,Good
ST0175,12,75,50,78,68,50,98,64,84,68.9,Average,python,dbms,Complete assignments regularly and practice more in dbms.,Focus more on DBMS as it is your weakest subject. Spend more time completing and practicing assignments.,66.07729999999997,Average
ST0176,10,94,91,89,61,70,99,73,61,71.2,Average,python,maths,Maintain your current performance and strengthen maths further.,Focus more on MATHS as it is your weakest subject. Your attendance is good. Keep maintaining it.,72.94069999999995,Average
ST0177,15,76,71,76,79,67,91,65,71,69.15,Average,python,os,Maintain your current performance and strengthen os further.,Focus more on OS as it is your weakest subject. Your study time is good. Maintain this consistency.,71.5209999999999,Average
ST0178,7,58,41,91,60,83,50,86,44,59.66,Needs Improvement,os,ml,Improve attendance and give additional attention to ml.,Focus more on ML as it is your weakest subject. Increase your weekly study time. Improve your attendance. Spend more time completing and practicing assignments.,60.943399999999926,Average
ST0179,5,75,86,100,90,45,97,44,62,73.31,Average,python,os,Increase study time and focus more on os.,Focus more on OS as it is your weakest subject. Increase your weekly study time.,72.53260000000009,Average
ST0180,7,96,53,74,77,80,70,65,44,59.58,Needs Improvement,dbms,ml,Increase study time and focus more on ml.,Focus more on ML as it is your weakest subject. Increase your weekly study time. Your attendance is good. Keep maintaining it. Spend more time completing and practicing assignments.,62.422900000000006,Average
ST0181,9,71,59,46,59,55,82,59,81,62.07,Average,python,dbms,Increase study time and focus more on dbms.,Focus more on DBMS as it is your weakest subject. Increase your weekly study time. Spend more time completing and practicing assignments.,61.77479999999997,Average
ST0182,19,96,61,66,96,43,71,45,92,74.57,Average,maths,dbms,Maintain your current performance and strengthen dbms further.,Focus more on DBMS as it is your weakest subject. Your study time is good. Maintain this consistency. Your attendance is good. Keep maintaining it.,74.84919999999997,Average
ST0183,18,79,50,67,68,74,66,45,71,73.37,Average,dbms,os,Complete assignments regularly and practice more in os.,Focus more on OS as it is your weakest subject. Your study time is good. Maintain this consistency. Spend more time completing and practicing assignments.,72.59139999999994,Average
ST0184,7,92,66,61,90,99,69,98,98,74.36,Average,dbms,python,Increase study time and focus more on python.,Focus more on PYTHON as it is your weakest subject. Increase your weekly study time. Your attendance is good. Keep maintaining it.,72.88449999999989,Average
ST0185,5,97,42,53,43,87,82,89,49,58.92,Needs Improvement,os,maths,Increase study time and focus more on maths.,Focus more on MATHS as it is your weakest subject. Increase your weekly study time. Your attendance is good. Keep maintaining it. Spend more time completing and practicing assignments.,61.86769999999999,Average
ST0186,9,66,56,46,94,95,41,57,98,53.81,Needs Improvement,ml,python,Improve attendance and give additional attention to python.,Focus more on PYTHON as it is your weakest subject. Increase your weekly study time. Improve your attendance. Spend more time completing and practicing assignments.,55.39310000000003,Average
ST0187,14,75,83,76,46,98,88,43,78,76.53,Good,dbms,os,Maintain your current performance and strengthen os further.,Focus more on OS as it is your weakest subject. Overall performance is good. Focus on strengthening your weak areas.,76.99929999999995,Good
ST0188,11,85,95,100,67,65,48,56,97,78.32,Good,ml,python,Maintain your current performance and strengthen python further.,Focus more on PYTHON as it is your weakest subject. Your attendance is good. Keep maintaining it. Overall performance is good. Focus on strengthening your weak areas.,74.49479999999996,Average
ST0189,19,50,67,61,67,96,67,96,54,73.94,Average,dbms,ml,Improve attendance and give additional attention to ml.,Focus more on ML as it is your weakest subject. Your study time is good. Maintain this consistency. Improve your attendance.,71.75519999999992,Average
ST0190,18,57,68,44,43,51,70,53,46,62.54,Average,python,maths,Improve attendance and give additional attention to maths.,Focus more on MATHS as it is your weakest subject. Your study time is good. Maintain this consistency. Improve your attendance.,62.32789999999999,Average
ST0191,11,98,60,94,61,50,99,53,68,68.45,Average,python,dbms,Maintain your current performance and strengthen dbms further.,Focus more on DBMS as it is your weakest subject. Your attendance is good. Keep maintaining it.,67.57569999999993,Average
ST0192,15,84,86,41,51,76,73,52,98,75.48,Good,ml,maths,Maintain your current performance and strengthen maths further.,Focus more on MATHS as it is your weakest subject. Your study time is good. Maintain this consistency. Overall performance is good. Focus on strengthening your weak areas.,72.8122999999999,Average
ST0193,13,64,55,66,84,64,100,46,86,70.94,Average,python,os,Improve attendance and give additional attention to os.,Focus more on OS as it is your weakest subject. Improve your attendance. Spend more time completing and practicing assignments.,71.06409999999988,Average
ST0194,19,96,76,60,42,57,95,83,42,71.83,Average,python,maths,Maintain your current performance and strengthen maths further.,Focus more on MATHS as it is your weakest subject. Your study time is good. Maintain this consistency. Your attendance is good. Keep maintaining it.,71.39889999999998,Average
ST0195,19,71,98,93,61,58,54,94,58,86.31,Good,os,python,Maintain your current performance and strengthen python further.,Focus more on PYTHON as it is your weakest subject. Your study time is good. Maintain this consistency. Overall performance is good. Focus on strengthening your weak areas.,82.18280000000009,Good
ST0196,14,63,59,77,83,62,87,54,49,67.83,Average,python,ml,Improve attendance and give additional attention to ml.,Focus more on ML as it is your weakest subject. Improve your attendance. Spend more time completing and practicing assignments.,69.17469999999994,Average
ST0197,14,75,45,54,41,94,64,58,67,63.3,Average,dbms,maths,Complete assignments regularly and practice more in maths.,Focus more on MATHS as it is your weakest subject. Spend more time completing and practicing assignments.,64.5980000000001,Average
ST0198,16,77,58,60,63,77,75,82,68,70.09,Average,os,maths,Complete assignments regularly and practice more in maths.,Focus more on MATHS as it is your weakest subject. Your study time is good. Maintain this consistency. Spend more time completing and practicing assignments.,70.17230000000006,Average
ST0199,17,72,96,49,73,93,47,86,54,73.95,Average,dbms,python,Maintain your current performance and strengthen python further.,Focus more on PYTHON as it is your weakest subject. Your study time is good. Maintain this consistency.,75.46339999999998,Good
ST0200,7,63,44,62,66,57,48,83,74,60.79,Average,os,python,Improve attendance and give additional attention to python.,Focus more on PYTHON as it is your weakest subject. Increase your weekly study time. Improve your attendance. Spend more time completing and practicing assignments.,58.640299999999996,Average
ST0201,19,73,42,97,94,65,97,74,45,81.18,Good,python,ml,Complete assignments regularly and practice more in ml.,Focus more on ML as it is your weakest subject. Your study time is good. Maintain this consistency. Spend more time completing and practicing assignments. Overall performance is good. Focus on strengthening your weak areas.,78.38040000000007,Good
ST0202,20,51,98,95,80,45,97,56,51,83.68,Good,python,dbms,Improve attendance and give additional attention to dbms.,Focus more on DBMS as it is your weakest subject. Your study time is good. Maintain this consistency. Improve your attendance. Overall performance is good. Focus on strengthening your weak areas.,80.78840000000007,Good
ST0203,11,94,40,78,40,43,76,74,86,65.87,Average,ml,maths,Complete assignments regularly and practice more in maths.,Focus more on MATHS as it is your weakest subject. Your attendance is good. Keep maintaining it. Spend more time completing and practicing assignments.,64.60739999999998,Average
ST0204,5,75,97,44,47,83,87,58,77,65.6,Average,python,maths,Increase study time and focus more on maths.,Focus more on MATHS as it is your weakest subject. Increase your weekly study time.,65.85160000000005,Average
ST0205,8,63,99,40,62,90,84,59,52,59.25,Needs Improvement,dbms,ml,Improve attendance and give additional attention to ml.,Focus more on ML as it is your weakest subject. Increase your weekly study time. Improve your attendance.,61.48630000000003,Average
ST0206,17,100,77,52,77,68,78,75,68,79.3,Good,python,dbms,Maintain your current performance and strengthen dbms further.,Focus more on DBMS as it is your weakest subject. Your study time is good. Maintain this consistency. Your attendance is good. Keep maintaining it. Overall performance is good. Focus on strengthening your weak areas.,77.37690000000003,Good
ST0207,20,56,54,60,45,98,71,74,58,69.11,Average,dbms,maths,Improve attendance and give additional attention to maths.,Focus more on MATHS as it is your weakest subject. Your study time is good. Maintain this consistency. Improve your attendance. Spend more time completing and practicing assignments.,69.01349999999994,Average
ST0208,8,52,73,65,61,100,97,71,42,54.23,Needs Improvement,dbms,ml,Improve attendance and give additional attention to ml.,Focus more on ML as it is your weakest subject. Increase your weekly study time. Improve your attendance.,58.93929999999991,Average
ST0209,18,96,100,89,64,73,91,97,47,80.45,Good,os,ml,Maintain your current performance and strengthen ml further.,Focus more on ML as it is your weakest subject. Your study time is good. Maintain this consistency. Your attendance is good. Keep maintaining it. Overall performance is good. Focus on strengthening your weak areas.,81.15580000000001,Good
ST0210,9,72,74,84,57,56,56,87,47,62.06,Average,os,ml,Increase study time and focus more on ml.,Focus more on ML as it is your weakest subject. Increase your weekly study time.,65.30860000000004,Average
ST0211,11,95,88,60,56,82,74,83,94,76.34,Good,ml,maths,Maintain your current performance and strengthen maths further.,Focus more on MATHS as it is your weakest subject. Your attendance is good. Keep maintaining it. Overall performance is good. Focus on strengthening your weak areas.,70.49220000000001,Average
ST0212,11,92,64,92,100,82,76,79,97,75.93,Good,maths,python,Maintain your current performance and strengthen python further.,Focus more on PYTHON as it is your weakest subject. Your attendance is good. Keep maintaining it. Overall performance is good. Focus on strengthening your weak areas.,74.50530000000008,Average
ST0213,17,96,63,57,51,92,58,63,59,69.65,Average,dbms,maths,Maintain your current performance and strengthen maths further.,Focus more on MATHS as it is your weakest subject. Your study time is good. Maintain this consistency. Your attendance is good. Keep maintaining it.,69.89369999999992,Average
ST0214,19,94,51,76,45,55,83,100,86,81.03,Good,os,maths,Complete assignments regularly and practice more in maths.,Focus more on MATHS as it is your weakest subject. Your study time is good. Maintain this consistency. Your attendance is good. Keep maintaining it. Spend more time completing and practicing assignments. Overall performance is good. Focus on strengthening your weak areas.,76.26530000000001,Good
ST0215,15,67,57,84,65,41,68,100,43,66.17,Average,os,dbms,Improve attendance and give additional attention to dbms.,Focus more on DBMS as it is your weakest subject. Your study time is good. Maintain this consistency. Improve your attendance. Spend more time completing and practicing assignments.,68.48850000000004,Average
ST0216,17,87,54,71,66,73,98,56,90,80.93,Good,python,os,Complete assignments regularly and practice more in os.,Focus more on OS as it is your weakest subject. Your study time is good. Maintain this consistency. Your attendance is good. Keep maintaining it. Spend more time completing and practicing assignments. Overall performance is good. Focus on strengthening your weak areas.,74.00380000000001,Average
ST0217,8,84,83,75,47,94,46,46,60,69.47,Average,dbms,python,Increase study time and focus more on python.,Focus more on PYTHON as it is your weakest subject. Increase your weekly study time.,67.77730000000003,Average
ST0218,17,100,55,56,58,47,67,82,42,69.46,Average,os,ml,Complete assignments regularly and practice more in ml.,Focus more on ML as it is your weakest subject. Your study time is good. Maintain this consistency. Your attendance is good. Keep maintaining it. Spend more time completing and practicing assignments.,70.44000000000003,Average
ST0219,20,64,66,74,99,52,48,89,84,79.65,Good,maths,python,Improve attendance and give additional attention to python.,Focus more on PYTHON as it is your weakest subject. Your study time is good. Maintain this consistency. Improve your attendance. Overall performance is good. Focus on strengthening your weak areas.,73.24549999999999,Average
ST0220,11,74,47,88,81,81,67,40,47,66.94,Average,maths,os,Complete assignments regularly and practice more in os.,Focus more on OS as it is your weakest subject. Spend more time completing and practicing assignments.,66.40769999999993,Average
ST0221,15,86,99,99,40,47,45,74,62,75.38,Good,os,maths,Maintain your current performance and strengthen maths further.,Focus more on MATHS as it is your weakest subject. Your study time is good. Maintain this consistency. Your attendance is good. Keep maintaining it. Overall performance is good. Focus on strengthening your weak areas.,75.55990000000004,Good
ST0222,7,77,85,50,96,69,68,71,55,67.38,Average,maths,ml,Increase study time and focus more on ml.,Focus more on ML as it is your weakest subject. Increase your weekly study time.,65.70770000000002,Average
ST0223,10,59,64,60,68,71,97,75,52,66.9,Average,python,ml,Improve attendance and give additional attention to ml.,Focus more on ML as it is your weakest subject. Improve your attendance.,65.50709999999992,Average
ST0224,16,88,56,91,84,75,56,52,42,69.07,Average,maths,ml,Complete assignments regularly and practice more in ml.,Focus more on ML as it is your weakest subject. Your study time is good. Maintain this consistency. Your attendance is good. Keep maintaining it. Spend more time completing and practicing assignments.,71.41649999999993,Average
ST0225,6,66,68,94,88,86,55,45,87,66.08,Average,maths,os,Improve attendance and give additional attention to os.,Focus more on OS as it is your weakest subject. Increase your weekly study time. Improve your attendance.,65.75829999999995,Average
ST0226,14,88,92,92,74,69,62,97,48,79.87,Good,os,ml,Maintain your current performance and strengthen ml further.,Focus more on ML as it is your weakest subject. Your attendance is good. Keep maintaining it. Overall performance is good. Focus on strengthening your weak areas.,78.84369999999993,Good
ST0227,17,71,47,65,79,40,70,53,99,71.72,Average,ml,dbms,Complete assignments regularly and practice more in dbms.,Focus more on DBMS as it is your weakest subject. Your study time is good. Maintain this consistency. Spend more time completing and practicing assignments.,70.77830000000003,Average
ST0228,18,75,54,43,53,82,42,76,53,63.44,Average,dbms,python,Complete assignments regularly and practice more in python.,Focus more on PYTHON as it is your weakest subject. Your study time is good. Maintain this consistency. Spend more time completing and practicing assignments.,64.64539999999994,Average
ST0229,13,93,66,73,74,78,60,87,52,69.98,Average,os,ml,Maintain your current performance and strengthen ml further.,Focus more on ML as it is your weakest subject. Your attendance is good. Keep maintaining it.,71.31729999999988,Average
ST0230,9,74,85,91,87,56,65,54,92,71.96,Average,ml,os,Increase study time and focus more on os.,Focus more on OS as it is your weakest subject. Increase your weekly study time.,72.21450000000003,Average
ST0231,10,66,89,87,84,98,75,86,96,81.76,Good,dbms,python,Improve attendance and give additional attention to python.,Focus more on PYTHON as it is your weakest subject. Improve your attendance. Overall performance is good. Focus on strengthening your weak areas.,79.17490000000015,Good
ST0232,16,62,91,99,59,59,81,43,46,69.16,Average,python,os,Improve attendance and give additional attention to os.,Focus more on OS as it is your weakest subject. Your study time is good. Maintain this consistency. Improve your attendance.,70.22759999999994,Average
ST0233,16,69,46,57,95,63,76,79,54,63.39,Average,maths,ml,Improve attendance and give additional attention to ml.,Focus more on ML as it is your weakest subject. Your study time is good. Maintain this consistency. Improve your attendance. Spend more time completing and practicing assignments.,65.18500000000003,Average
ST0234,16,74,42,79,88,89,92,98,46,72.08,Average,os,ml,Complete assignments regularly and practice more in ml.,Focus more on ML as it is your weakest subject. Your study time is good. Maintain this consistency. Spend more time completing and practicing assignments.,72.80069999999996,Average
ST0235,16,53,68,74,52,61,61,55,77,65.3,Average,ml,maths,Improve attendance and give additional attention to maths.,Focus more on MATHS as it is your weakest subject. Your study time is good. Maintain this consistency. Improve your attendance.,66.73090000000005,Average
ST0236,8,59,83,80,100,68,81,67,73,61.47,Average,maths,os,Improve attendance and give additional attention to os.,Focus more on OS as it is your weakest subject. Increase your weekly study time. Improve your attendance.,68.0054,Average
ST0237,18,52,92,68,77,61,51,55,80,78.47,Good,ml,python,Improve attendance and give additional attention to python.,Focus more on PYTHON as it is your weakest subject. Your study time is good. Maintain this consistency. Improve your attendance. Overall performance is good. Focus on strengthening your weak areas.,76.34360000000005,Good
ST0238,18,90,63,91,88,83,81,43,61,79.0,Good,maths,os,Maintain your current performance and strengthen os further.,Focus more on OS as it is your weakest subject. Your study time is good. Maintain this consistency. Your attendance is good. Keep maintaining it. Overall performance is good. Focus on strengthening your weak areas.,77.67669999999998,Good
ST0239,15,94,99,68,85,48,100,84,63,79.63,Good,python,dbms,Maintain your current performance and strengthen dbms further.,Focus more on DBMS as it is your weakest subject. Your study time is good. Maintain this consistency. Your attendance is good. Keep maintaining it. Overall performance is good. Focus on strengthening your weak areas.,79.33370000000005,Good
ST0240,20,67,97,77,88,76,52,65,88,88.47,Good,maths,python,Improve attendance and give additional attention to python.,Focus more on PYTHON as it is your weakest subject. Your study time is good. Maintain this consistency. Improve your attendance. Overall performance is good. Focus on strengthening your weak areas.,85.25430000000004,Good
ST0241,14,96,42,81,47,49,50,67,76,69.95,Average,ml,maths,Complete assignments regularly and practice more in maths.,Focus more on MATHS as it is your weakest subject. Your attendance is good. Keep maintaining it. Spend more time completing and practicing assignments.,70.8130999999999,Average
ST0242,11,85,59,60,82,75,93,71,83,67.74,Average,python,os,Complete assignments regularly and practice more in os.,Focus more on OS as it is your weakest subject. Your attendance is good. Keep maintaining it. Spend more time completing and practicing assignments.,67.55719999999988,Average
ST0243,16,96,85,81,59,76,55,84,40,77.94,Good,os,ml,Maintain your current performance and strengthen ml further.,Focus more on ML as it is your weakest subject. Your study time is good. Maintain this consistency. Your attendance is good. Keep maintaining it. Overall performance is good. Focus on strengthening your weak areas.,77.99799999999988,Good
ST0244,13,71,54,52,99,67,47,41,49,60.59,Average,maths,os,Complete assignments regularly and practice more in os.,Focus more on OS as it is your weakest subject. Spend more time completing and practicing assignments.,60.85480000000006,Average
ST0245,11,83,64,88,72,67,79,70,82,77.94,Good,ml,dbms,Maintain your current performance and strengthen dbms further.,Focus more on DBMS as it is your weakest subject. Overall performance is good. Focus on strengthening your weak areas.,67.58639999999997,Average
ST0246,18,96,69,80,65,81,98,42,55,77.95,Good,python,os,Maintain your current performance and strengthen os further.,Focus more on OS as it is your weakest subject. Your study time is good. Maintain this consistency. Your attendance is good. Keep maintaining it. Overall performance is good. Focus on strengthening your weak areas.,77.91029999999989,Good
ST0247,5,57,53,56,78,82,96,93,85,54.51,Needs Improvement,python,maths,Improve attendance and give additional attention to maths.,Focus more on MATHS as it is your weakest subject. Increase your weekly study time. Improve your attendance. Spend more time completing and practicing assignments.,57.33910000000009,Average
ST0248,5,89,46,95,60,60,79,47,47,52.5,Needs Improvement,python,os,Increase study time and focus more on os.,Focus more on OS as it is your weakest subject. Increase your weekly study time. Your attendance is good. Keep maintaining it. Spend more time completing and practicing assignments.,62.32880000000001,Average
ST0249,13,98,56,48,92,63,84,63,95,76.99,Good,ml,dbms,Complete assignments regularly and practice more in dbms.,Focus more on DBMS as it is your weakest subject. Your attendance is good. Keep maintaining it. Spend more time completing and practicing assignments. Overall performance is good. Focus on strengthening your weak areas.,74.43039999999992,Average
ST0250,15,93,83,80,88,81,98,54,88,78.88,Good,python,os,Maintain your current performance and strengthen os further.,Focus more on OS as it is your weakest subject. Your study time is good. Maintain this consistency. Your attendance is good. Keep maintaining it. Overall performance is good. Focus on strengthening your weak areas.,78.84330000000006,Good
ST0251,18,68,59,40,81,99,41,82,64,71.42,Average,dbms,python,Improve attendance and give additional attention to python.,Focus more on PYTHON as it is your weakest subject. Your study time is good. Maintain this consistency. Improve your attendance. Spend more time completing and practicing assignments.,69.74310000000003,Average
ST0252,13,91,75,41,82,79,69,70,89,71.57,Average,ml,python,Maintain your current performance and strengthen python further.,Focus more on PYTHON as it is your weakest subject. Your attendance is good. Keep maintaining it.,71.55129999999994,Average
ST0253,8,90,48,99,93,41,69,48,51,63.02,Average,maths,dbms,Increase study time and focus more on dbms.,Focus more on DBMS as it is your weakest subject. Increase your weekly study time. Your attendance is good. Keep maintaining it. Spend more time completing and practicing assignments.,64.55750000000012,Average
ST0254,17,86,77,87,80,94,51,78,64,79.15,Good,dbms,python,Maintain your current performance and strengthen python further.,Focus more on PYTHON as it is your weakest subject. Your study time is good. Maintain this consistency. Your attendance is good. Keep maintaining it. Overall performance is good. Focus on strengthening your weak areas.,78.43709999999992,Good
ST0255,13,55,87,68,48,47,49,84,56,70.71,Average,os,dbms,Improve attendance and give additional attention to dbms.,Focus more on DBMS as it is your weakest subject. Improve your attendance.,69.158,Average
ST0256,7,75,96,72,63,87,83,41,99,63.77,Average,ml,os,Increase study time and focus more on os.,Focus more on OS as it is your weakest subject. Increase your weekly study time.,65.38450000000012,Average
ST0257,11,83,99,49,76,66,50,47,65,65.38,Average,maths,os,Maintain your current performance and strengthen os further.,Focus more on OS as it is your weakest subject.,70.20070000000004,Average
ST0258,10,94,61,89,88,61,54,46,85,73.61,Average,maths,os,Maintain your current performance and strengthen os further.,Focus more on OS as it is your weakest subject. Your attendance is good. Keep maintaining it.,71.40459999999992,Average
ST0259,12,55,93,97,80,76,55,95,87,71.13,Average,os,python,Improve attendance and give additional attention to python.,Focus more on PYTHON as it is your weakest subject. Improve your attendance.,70.22920000000005,Average
ST0260,15,86,92,99,56,66,56,83,53,83.8,Good,os,ml,Maintain your current performance and strengthen ml further.,Focus more on ML as it is your weakest subject. Your study time is good. Maintain this consistency. Your attendance is good. Keep maintaining it. Overall performance is good. Focus on strengthening your weak areas.,77.24629999999998,Good
ST0261,13,82,92,79,63,96,65,90,80,82.1,Good,dbms,maths,Maintain your current performance and strengthen maths further.,Focus more on MATHS as it is your weakest subject. Overall performance is good. Focus on strengthening your weak areas.,79.73219999999999,Good
ST0262,18,71,41,60,60,68,41,78,75,67.43,Average,os,python,Complete assignments regularly and practice more in python.,Focus more on PYTHON as it is your weakest subject. Your study time is good. Maintain this consistency. Spend more time completing and practicing assignments.,67.89530000000003,Average
ST0263,9,70,63,67,90,42,89,81,96,64.85,Average,ml,dbms,Increase study time and focus more on dbms.,Focus more on DBMS as it is your weakest subject. Increase your weekly study time.,64.23320000000007,Average
ST0264,5,55,47,50,98,83,51,100,62,49.73,Needs Improvement,os,python,Focus strongly on python and improve overall study consistency.,Focus more on PYTHON as it is your weakest subject. Increase your weekly study time. Improve your attendance. Spend more time completing and practicing assignments. Overall performance needs improvement. Follow a consistent study plan.,52.17129999999997,Average
ST0265,7,55,50,94,78,52,90,96,82,67.54,Average,os,dbms,Improve attendance and give additional attention to dbms.,Focus more on DBMS as it is your weakest subject. Increase your weekly study time. Improve your attendance. Spend more time completing and practicing assignments.,65.89019999999998,Average
ST0266,14,97,52,73,94,84,65,55,45,82.3,Good,maths,ml,Complete assignments regularly and practice more in ml.,Focus more on ML as it is your weakest subject. Your attendance is good. Keep maintaining it. Spend more time completing and practicing assignments. Overall performance is good. Focus on strengthening your weak areas.,71.69720000000001,Average
ST0267,16,53,56,47,80,49,62,74,86,64.55,Average,ml,dbms,Improve attendance and give additional attention to dbms.,Focus more on DBMS as it is your weakest subject. Your study time is good. Maintain this consistency. Improve your attendance. Spend more time completing and practicing assignments.,65.73170000000009,Average
ST0268,12,79,47,98,78,75,57,69,44,60.91,Average,maths,ml,Complete assignments regularly and practice more in ml.,Focus more on ML as it is your weakest subject. Spend more time completing and practicing assignments.,63.487199999999945,Average
ST0269,19,60,60,61,52,48,71,49,82,69.12,Average,ml,dbms,Improve attendance and give additional attention to dbms.,Focus more on DBMS as it is your weakest subject. Your study time is good. Maintain this consistency. Improve your attendance.,68.87949999999995,Average
ST0270,15,79,57,47,50,93,88,77,64,71.93,Average,dbms,maths,Complete assignments regularly and practice more in maths.,Focus more on MATHS as it is your weakest subject. Your study time is good. Maintain this consistency. Spend more time completing and practicing assignments.,71.16720000000007,Average
ST0271,10,80,69,88,85,95,77,57,57,67.85,Average,dbms,os,Maintain your current performance and strengthen os further.,Focus more on OS as it is your weakest subject.,68.45920000000005,Average
ST0272,20,73,57,54,58,94,96,89,52,72.25,Average,python,ml,Complete assignments regularly and practice more in ml.,Focus more on ML as it is your weakest subject. Your study time is good. Maintain this consistency. Spend more time completing and practicing assignments.,72.0063,Average
ST0273,20,58,85,56,50,66,86,44,82,69.82,Average,python,os,Improve attendance and give additional attention to os.,Focus more on OS as it is your weakest subject. Your study time is good. Maintain this consistency. Improve your attendance.,70.72799999999992,Average
ST0274,12,52,86,99,52,73,42,92,53,67.26,Average,os,python,Improve attendance and give additional attention to python.,Focus more on PYTHON as it is your weakest subject. Improve your attendance.,67.35810000000009,Average
ST0275,13,100,70,62,85,90,77,68,67,74.2,Average,dbms,ml,Maintain your current performance and strengthen ml further.,Focus more on ML as it is your weakest subject. Your attendance is good. Keep maintaining it.,73.74869999999993,Average
ST0276,8,80,77,63,84,40,42,78,57,58.63,Needs Improvement,maths,dbms,Increase study time and focus more on dbms.,Focus more on DBMS as it is your weakest subject. Increase your weekly study time.,67.09980000000003,Average
ST0277,5,89,71,84,40,71,69,99,98,63.05,Average,os,maths,Increase study time and focus more on maths.,Focus more on MATHS as it is your weakest subject. Increase your weekly study time. Your attendance is good. Keep maintaining it.,63.78520000000007,Average
ST0278,18,86,50,58,79,64,100,73,99,76.85,Good,python,dbms,Complete assignments regularly and practice more in dbms.,Focus more on DBMS as it is your weakest subject. Your study time is good. Maintain this consistency. Your attendance is good. Keep maintaining it. Spend more time completing and practicing assignments. Overall performance is good. Focus on strengthening your weak areas.,73.48440000000004,Average
ST0279,5,85,84,44,83,68,40,82,96,62.05,Average,ml,python,Increase study time and focus more on python.,Focus more on PYTHON as it is your weakest subject. Increase your weekly study time. Your attendance is good. Keep maintaining it.,64.46940000000005,Average
ST0280,14,73,64,71,58,46,69,84,67,66.14,Average,os,dbms,Maintain your current performance and strengthen dbms further.,Focus more on DBMS as it is your weakest subject.,67.26540000000006,Average
ST0281,8,80,72,83,51,88,84,62,90,69.83,Average,ml,maths,Increase study time and focus more on maths.,Focus more on MATHS as it is your weakest subject. Increase your weekly study time.,68.18440000000004,Average
ST0282,16,55,99,40,47,42,71,44,95,59.95,Needs Improvement,ml,dbms,Improve attendance and give additional attention to dbms.,Focus more on DBMS as it is your weakest subject. Your study time is good. Maintain this consistency. Improve your attendance.,67.49849999999999,Average
ST0283,18,51,77,62,47,59,67,69,66,69.11,Average,os,maths,Improve attendance and give additional attention to maths.,Focus more on MATHS as it is your weakest subject. Your study time is good. Maintain this consistency. Improve your attendance.,68.88779999999994,Average
ST0284,11,69,80,76,100,59,60,45,71,66.54,Average,maths,os,Improve attendance and give additional attention to os.,Focus more on OS as it is your weakest subject. Improve your attendance.,67.55279999999998,Average
ST0285,6,77,47,47,92,92,97,95,86,64.95,Average,python,ml,Increase study time and focus more on ml.,Focus more on ML as it is your weakest subject. Increase your weekly study time. Spend more time completing and practicing assignments.,64.44939999999993,Average
ST0286,7,60,50,52,84,69,85,97,48,59.71,Needs Improvement,os,ml,Improve attendance and give additional attention to ml.,Focus more on ML as it is your weakest subject. Increase your weekly study time. Improve your attendance. Spend more time completing and practicing assignments.,59.80520000000002,Average
ST0287,5,53,61,47,51,74,52,100,79,58.59,Needs Improvement,os,maths,Improve attendance and give additional attention to maths.,Focus more on MATHS as it is your weakest subject. Increase your weekly study time. Improve your attendance.,57.37530000000005,Average
ST0288,9,64,90,96,100,74,66,85,71,74.63,Average,maths,python,Improve attendance and give additional attention to python.,Focus more on PYTHON as it is your weakest subject. Increase your weekly study time. Improve your attendance.,74.01100000000007,Average
ST0289,5,55,63,62,87,88,75,83,59,63.71,Average,dbms,ml,Improve attendance and give additional attention to ml.,Focus more on ML as it is your weakest subject. Increase your weekly study time. Improve your attendance.,62.52460000000003,Average
ST0290,12,98,80,82,72,78,46,43,67,71.13,Average,dbms,os,Maintain your current performance and strengthen os further.,Focus more on OS as it is your weakest subject. Your attendance is good. Keep maintaining it.,72.78850000000001,Average
ST0291,5,79,56,40,84,66,61,68,72,54.72,Needs Improvement,maths,python,Increase study time and focus more on python.,Focus more on PYTHON as it is your weakest subject. Increase your weekly study time. Spend more time completing and practicing assignments.,55.946999999999996,Average
ST0292,15,87,51,84,65,65,49,62,43,67.82,Average,maths,ml,Complete assignments regularly and practice more in ml.,Focus more on ML as it is your weakest subject. Your study time is good. Maintain this consistency. Your attendance is good. Keep maintaining it. Spend more time completing and practicing assignments.,69.43219999999994,Average
ST0293,5,100,96,90,78,53,78,45,85,74.73,Average,ml,os,Increase study time and focus more on os.,Focus more on OS as it is your weakest subject. Increase your weekly study time. Your attendance is good. Keep maintaining it.,74.01620000000003,Average
ST0294,6,51,85,63,67,56,92,71,96,65.11,Average,ml,dbms,Improve attendance and give additional attention to dbms.,Focus more on DBMS as it is your weakest subject. Increase your weekly study time. Improve your attendance.,65.19719999999994,Average
ST0295,6,64,71,74,97,57,54,81,73,63.23,Average,maths,python,Improve attendance and give additional attention to python.,Focus more on PYTHON as it is your weakest subject. Increase your weekly study time. Improve your attendance.,62.49720000000004,Average
ST0296,16,60,54,63,44,84,54,57,87,60.46,Average,ml,maths,Improve attendance and give additional attention to maths.,Focus more on MATHS as it is your weakest subject. Your study time is good. Maintain this consistency. Improve your attendance. Spend more time completing and practicing assignments.,63.384899999999995,Average
ST0297,10,57,55,56,47,91,43,54,42,57.04,Needs Improvement,dbms,ml,Improve attendance and give additional attention to ml.,Focus more on ML as it is your weakest subject. Improve your attendance. Spend more time completing and practicing assignments.,57.19770000000004,Average
ST0298,11,75,93,44,64,68,71,79,65,63.64,Average,os,maths,Maintain your current performance and strengthen maths further.,Focus more on MATHS as it is your weakest subject.,65.08250000000007,Average
ST0299,9,100,61,59,66,59,62,97,47,61.51,Average,os,ml,Increase study time and focus more on ml.,Focus more on ML as it is your weakest subject. Increase your weekly study time. Your attendance is good. Keep maintaining it.,63.96849999999999,Average
ST0300,20,94,67,60,85,92,94,71,45,75.69,Good,python,ml,Maintain your current performance and strengthen ml further.,Focus more on ML as it is your weakest subject. Your study time is good. Maintain this consistency. Your attendance is good. Keep maintaining it. Overall performance is good. Focus on strengthening your weak areas.,74.23649999999998,Average
ST0301,5,93,59,79,62,66,45,48,55,58.64,Needs Improvement,dbms,python,Increase study time and focus more on python.,Focus more on PYTHON as it is your weakest subject. Increase your weekly study time. Your attendance is good. Keep maintaining it. Spend more time completing and practicing assignments.,60.04150000000004,Average
ST0302,5,54,72,97,69,57,63,76,63,66.26,Average,os,dbms,Improve attendance and give additional attention to dbms.,Focus more on DBMS as it is your weakest subject. Increase your weekly study time. Improve your attendance.,65.5396000000001,Average
ST0303,7,55,49,70,84,43,59,49,87,51.78,Needs Improvement,ml,dbms,Improve attendance and give additional attention to dbms.,Focus more on DBMS as it is your weakest subject. Increase your weekly study time. Improve your attendance. Spend more time completing and practicing assignments.,53.844000000000044,Average
ST0304,18,75,79,85,86,40,97,59,78,85.76,Good,python,dbms,Maintain your current performance and strengthen dbms further.,Focus more on DBMS as it is your weakest subject. Your study time is good. Maintain this consistency. Overall performance is good. Focus on strengthening your weak areas.,83.5688000000001,Good
ST0305,6,53,71,75,62,89,76,45,69,63.36,Average,dbms,os,Improve attendance and give additional attention to os.,Focus more on OS as it is your weakest subject. Increase your weekly study time. Improve your attendance.,63.18019999999993,Average
ST0306,9,68,89,50,88,40,59,87,84,59.25,Needs Improvement,maths,dbms,Improve attendance and give additional attention to dbms.,Focus more on DBMS as it is your weakest subject. Increase your weekly study time. Improve your attendance.,61.92970000000002,Average
ST0307,16,69,99,91,86,97,51,95,52,79.99,Good,dbms,python,Improve attendance and give additional attention to python.,Focus more on PYTHON as it is your weakest subject. Your study time is good. Maintain this consistency. Improve your attendance. Overall performance is good. Focus on strengthening your weak areas.,79.56029999999988,Good
ST0308,14,82,72,54,59,65,72,98,44,64.7,Average,os,ml,Maintain your current performance and strengthen ml further.,Focus more on ML as it is your weakest subject.,71.0702,Average
ST0309,20,69,41,58,57,84,67,42,64,69.84,Average,dbms,os,Improve attendance and give additional attention to os.,Focus more on OS as it is your weakest subject. Your study time is good. Maintain this consistency. Improve your attendance. Spend more time completing and practicing assignments.,69.03040000000004,Average
ST0310,10,98,72,46,57,59,47,81,59,59.66,Needs Improvement,os,python,Maintain your current performance and strengthen python further.,Focus more on PYTHON as it is your weakest subject. Your attendance is good. Keep maintaining it.,64.60029999999999,Average
ST0311,20,61,72,90,41,91,40,50,93,69.02,Average,ml,python,Improve attendance and give additional attention to python.,Focus more on PYTHON as it is your weakest subject. Your study time is good. Maintain this consistency. Improve your attendance.,77.00380000000004,Good
ST0312,11,96,80,67,43,62,76,82,57,68.55,Average,os,maths,Maintain your current performance and strengthen maths further.,Focus more on MATHS as it is your weakest subject. Your attendance is good. Keep maintaining it.,69.16170000000007,Average
ST0313,8,50,52,90,69,49,61,56,86,63.95,Average,ml,dbms,Improve attendance and give additional attention to dbms.,Focus more on DBMS as it is your weakest subject. Increase your weekly study time. Improve your attendance. Spend more time completing and practicing assignments.,61.84390000000001,Average
ST0314,11,75,69,82,72,98,45,71,57,68.14,Average,dbms,python,Maintain your current performance and strengthen python further.,Focus more on PYTHON as it is your weakest subject.,67.44670000000008,Average
ST0315,15,63,72,97,75,50,100,43,41,73.02,Average,python,ml,Improve attendance and give additional attention to ml.,Focus more on ML as it is your weakest subject. Your study time is good. Maintain this consistency. Improve your attendance.,75.39050000000002,Good
ST0316,12,87,52,44,57,80,60,43,49,61.43,Average,dbms,os,Complete assignments regularly and practice more in os.,Focus more on OS as it is your weakest subject. Your attendance is good. Keep maintaining it. Spend more time completing and practicing assignments.,61.59549999999999,Average
ST0317,15,86,91,44,76,80,71,56,94,68.49,Average,ml,os,Maintain your current performance and strengthen os further.,Focus more on OS as it is your weakest subject. Your study time is good. Maintain this consistency. Your attendance is good. Keep maintaining it.,70.95179999999988,Average
ST0318,5,60,65,69,58,44,74,80,84,54.3,Needs Improvement,ml,dbms,Improve attendance and give additional attention to dbms.,Focus more on DBMS as it is your weakest subject. Increase your weekly study time. Improve your attendance.,56.316000000000074,Average
ST0319,19,85,61,93,86,97,54,58,89,81.76,Good,dbms,python,Maintain your current performance and strengthen python further.,Focus more on PYTHON as it is your weakest subject. Your study time is good. Maintain this consistency. Your attendance is good. Keep maintaining it. Overall performance is good. Focus on strengthening your weak areas.,79.32900000000008,Good
ST0320,10,62,78,71,67,40,44,44,86,59.09,Needs Improvement,ml,dbms,Improve attendance and give additional attention to dbms.,Focus more on DBMS as it is your weakest subject. Improve your attendance.,65.09759999999999,Average
ST0321,12,92,41,47,79,56,99,71,51,70.74,Average,python,ml,Complete assignments regularly and practice more in ml.,Focus more on ML as it is your weakest subject. Your attendance is good. Keep maintaining it. Spend more time completing and practicing assignments.,67.87859999999989,Average
ST0322,9,52,77,49,59,61,95,61,86,56.13,Needs Improvement,python,maths,Improve attendance and give additional attention to maths.,Focus more on MATHS as it is your weakest subject. Increase your weekly study time. Improve your attendance.,64.32890000000002,Average
ST0323,8,82,78,77,88,73,85,95,52,67.42,Average,os,ml,Increase study time and focus more on ml.,Focus more on ML as it is your weakest subject. Increase your weekly study time.,67.84650000000002,Average
ST0324,6,55,65,86,72,95,89,45,89,65.36,Average,dbms,os,Improve attendance and give additional attention to os.,Focus more on OS as it is your weakest subject. Increase your weekly study time. Improve your attendance.,65.07789999999994,Average
ST0325,10,99,85,71,51,84,87,74,86,72.48,Average,python,maths,Maintain your current performance and strengthen maths further.,Focus more on MATHS as it is your weakest subject. Your attendance is good. Keep maintaining it.,72.10619999999992,Average
ST0326,10,59,97,87,97,80,45,61,96,61.41,Average,maths,python,Improve attendance and give additional attention to python.,Focus more on PYTHON as it is your weakest subject. Improve your attendance.,65.66229999999996,Average
ST0327,15,54,89,67,90,68,64,40,94,79.16,Good,ml,os,Improve attendance and give additional attention to os.,Focus more on OS as it is your weakest subject. Your study time is good. Maintain this consistency. Improve your attendance. Overall performance is good. Focus on strengthening your weak areas.,75.43539999999996,Good
ST0328,19,72,54,56,54,43,95,59,50,63.07,Average,python,dbms,Complete assignments regularly and practice more in dbms.,Focus more on DBMS as it is your weakest subject. Your study time is good. Maintain this consistency. Spend more time completing and practicing assignments.,66.04089999999998,Average
ST0329,20,59,73,70,80,44,85,61,58,75.5,Good,python,dbms,Improve attendance and give additional attention to dbms.,Focus more on DBMS as it is your weakest subject. Your study time is good. Maintain this consistency. Improve your attendance. Overall performance is good. Focus on strengthening your weak areas.,72.25949999999996,Average
ST0330,20,93,81,47,78,50,98,87,74,75.23,Good,python,dbms,Maintain your current performance and strengthen dbms further.,Focus more on DBMS as it is your weakest subject. Your study time is good. Maintain this consistency. Your attendance is good. Keep maintaining it. Overall performance is good. Focus on strengthening your weak areas.,76.42189999999988,Good
ST0331,5,51,94,79,41,95,95,94,78,63.36,Average,dbms,maths,Improve attendance and give additional attention to maths.,Focus more on MATHS as it is your weakest subject. Increase your weekly study time. Improve your attendance.,65.12579999999993,Average
ST0332,13,62,83,64,68,90,79,50,92,64.39,Average,ml,os,Improve attendance and give additional attention to os.,Focus more on OS as it is your weakest subject. Improve your attendance.,67.24180000000007,Average
ST0333,16,89,88,48,80,60,68,52,65,69.54,Average,maths,os,Maintain your current performance and strengthen os further.,Focus more on OS as it is your weakest subject. Your study time is good. Maintain this consistency. Your attendance is good. Keep maintaining it.,72.91969999999998,Average
ST0334,15,51,79,41,49,74,46,98,85,62.71,Average,os,python,Improve attendance and give additional attention to python.,Focus more on PYTHON as it is your weakest subject. Your study time is good. Maintain this consistency. Improve your attendance.,64.41160000000002,Average
ST0335,10,69,50,54,41,51,79,81,53,56.77,Needs Improvement,os,maths,Improve attendance and give additional attention to maths.,Focus more on MATHS as it is your weakest subject. Improve your attendance. Spend more time completing and practicing assignments.,57.812900000000056,Average
ST0336,20,50,100,89,90,65,52,42,93,78.3,Good,ml,os,Improve attendance and give additional attention to os.,Focus more on OS as it is your weakest subject. Your study time is good. Maintain this consistency. Improve your attendance. Overall performance is good. Focus on strengthening your weak areas.,78.4164000000001,Good
ST0337,17,86,42,42,50,90,77,48,84,61.16,Average,dbms,os,Complete assignments regularly and practice more in os.,Focus more on OS as it is your weakest subject. Your study time is good. Maintain this consistency. Your attendance is good. Keep maintaining it. Spend more time completing and practicing assignments.,65.35709999999993,Average
ST0338,7,58,98,88,52,58,57,99,83,65.93,Average,os,maths,Improve attendance and give additional attention to maths.,Focus more on MATHS as it is your weakest subject. Increase your weekly study time. Improve your attendance.,66.26210000000003,Average
ST0339,8,66,45,75,49,84,41,51,63,61.85,Average,dbms,python,Improve attendance and give additional attention to python.,Focus more on PYTHON as it is your weakest subject. Increase your weekly study time. Improve your attendance. Spend more time completing and practicing assignments.,60.900300000000044,Average
ST0340,16,58,48,43,53,99,47,62,80,67.53,Average,dbms,python,Improve attendance and give additional attention to python.,Focus more on PYTHON as it is your weakest subject. Your study time is good. Maintain this consistency. Improve your attendance. Spend more time completing and practicing assignments.,67.57519999999997,Average
ST0341,15,60,45,53,57,46,50,53,40,57.74,Needs Improvement,maths,ml,Improve attendance and give additional attention to ml.,Focus more on ML as it is your weakest subject. Your study time is good. Maintain this consistency. Improve your attendance. Spend more time completing and practicing assignments.,58.18519999999993,Average
ST0342,8,64,48,80,90,86,72,72,90,68.15,Average,maths,python,Improve attendance and give additional attention to python.,Focus more on PYTHON as it is your weakest subject. Increase your weekly study time. Improve your attendance. Spend more time completing and practicing assignments.,67.04359999999991,Average
ST0343,7,73,78,80,93,94,93,57,82,79.22,Good,dbms,os,Increase study time and focus more on os.,Focus more on OS as it is your weakest subject. Increase your weekly study time. Overall performance is good. Focus on strengthening your weak areas.,76.81780000000005,Good
ST0344,14,87,70,64,48,46,100,88,94,75.75,Good,python,dbms,Maintain your current performance and strengthen dbms further.,Focus more on DBMS as it is your weakest subject. Your attendance is good. Keep maintaining it. Overall performance is good. Focus on strengthening your weak areas.,74.22409999999999,Average
ST0345,7,84,71,97,96,65,77,98,61,75.17,Good,os,ml,Increase study time and focus more on ml.,Focus more on ML as it is your weakest subject. Increase your weekly study time. Overall performance is good. Focus on strengthening your weak areas.,73.39800000000002,Average
ST0346,19,79,80,94,78,79,87,80,62,77.71,Good,python,ml,Maintain your current performance and strengthen ml further.,Focus more on ML as it is your weakest subject. Your study time is good. Maintain this consistency. Overall performance is good. Focus on strengthening your weak areas.,78.27960000000002,Good
ST0347,7,80,89,89,67,44,66,48,95,63.65,Average,ml,dbms,Increase study time and focus more on dbms.,Focus more on DBMS as it is your weakest subject. Increase your weekly study time.,68.87250000000003,Average
ST0348,8,98,51,49,42,60,59,62,93,59.69,Needs Improvement,ml,maths,Increase study time and focus more on maths.,Focus more on MATHS as it is your weakest subject. Increase your weekly study time. Your attendance is good. Keep maintaining it. Spend more time completing and practicing assignments.,59.990399999999916,Average
ST0349,20,54,47,60,59,53,51,49,58,59.82,Needs Improvement,maths,os,Improve attendance and give additional attention to os.,Focus more on OS as it is your weakest subject. Your study time is good. Maintain this consistency. Improve your attendance. Spend more time completing and practicing assignments.,61.63339999999994,Average
ST0350,11,93,47,75,45,43,82,58,57,59.21,Needs Improvement,python,dbms,Complete assignments regularly and practice more in dbms.,Focus more on DBMS as it is your weakest subject. Your attendance is good. Keep maintaining it. Spend more time completing and practicing assignments.,60.34590000000003,Average
ST0351,8,99,89,51,66,62,100,100,51,66.85,Average,python,ml,Increase study time and focus more on ml.,Focus more on ML as it is your weakest subject. Increase your weekly study time. Your attendance is good. Keep maintaining it.,67.48230000000007,Average
ST0352,13,63,67,66,92,81,70,86,94,66.32,Average,ml,python,Improve attendance and give additional attention to python.,Focus more on PYTHON as it is your weakest subject. Improve your attendance.,71.35480000000001,Average
ST0353,5,60,59,79,41,59,66,44,67,50.92,Needs Improvement,ml,maths,Improve attendance and give additional attention to maths.,Focus more on MATHS as it is your weakest subject. Increase your weekly study time. Improve your attendance. Spend more time completing and practicing assignments.,54.75650000000005,Average
ST0354,12,58,86,41,68,54,71,86,67,65.33,Average,os,dbms,Improve attendance and give additional attention to dbms.,Focus more on DBMS as it is your weakest subject. Improve your attendance.,64.67859999999999,Average
ST0355,20,83,98,93,77,89,100,91,99,100.0,Excellent,python,maths,Maintain your current performance and strengthen maths further.,Focus more on MATHS as it is your weakest subject. Your study time is good. Maintain this consistency. Overall performance is good. Focus on strengthening your weak areas.,93.91900000000001,Good
ST0356,11,61,46,52,42,91,49,62,98,61.98,Average,ml,maths,Improve attendance and give additional attention to maths.,Focus more on MATHS as it is your weakest subject. Improve your attendance. Spend more time completing and practicing assignments.,57.24360000000005,Average
ST0357,6,84,50,92,55,84,42,69,72,64.98,Average,dbms,python,Increase study time and focus more on python.,Focus more on PYTHON as it is your weakest subject. Increase your weekly study time. Spend more time completing and practicing assignments.,65.01889999999993,Average
ST0358,12,84,59,71,69,68,84,64,58,61.62,Average,python,ml,Complete assignments regularly and practice more in ml.,Focus more on ML as it is your weakest subject. Spend more time completing and practicing assignments.,62.88019999999995,Average
ST0359,5,50,55,70,79,47,66,67,67,54.55,Needs Improvement,maths,dbms,Improve attendance and give additional attention to dbms.,Focus more on DBMS as it is your weakest subject. Increase your weekly study time. Improve your attendance. Spend more time completing and practicing assignments.,55.75570000000007,Average
ST0360,15,89,43,55,41,80,74,73,98,68.4,Average,ml,maths,Complete assignments regularly and practice more in maths.,Focus more on MATHS as it is your weakest subject. Your study time is good. Maintain this consistency. Your attendance is good. Keep maintaining it. Spend more time completing and practicing assignments.,68.77849999999994,Average
ST0361,16,71,45,71,56,87,70,84,91,72.37,Average,ml,maths,Complete assignments regularly and practice more in maths.,Focus more on MATHS as it is your weakest subject. Your study time is good. Maintain this consistency. Spend more time completing and practicing assignments.,72.08429999999994,Average
ST0362,13,78,97,71,80,58,54,95,100,75.55,Good,ml,python,Maintain your current performance and strengthen python further.,Focus more on PYTHON as it is your weakest subject. Overall performance is good. Focus on strengthening your weak areas.,77.14690000000003,Good
ST0363,13,57,61,99,51,87,55,87,88,77.96,Good,ml,maths,Improve attendance and give additional attention to maths.,Focus more on MATHS as it is your weakest subject. Improve your attendance. Overall performance is good. Focus on strengthening your weak areas.,74.55010000000004,Average
ST0364,6,60,65,73,74,78,100,86,76,64.89,Average,python,maths,Improve attendance and give additional attention to maths.,Focus more on MATHS as it is your weakest subject. Increase your weekly study time. Improve your attendance.,62.94699999999999,Average
ST0365,11,90,42,50,82,85,52,64,65,63.26,Average,dbms,python,Complete assignments regularly and practice more in python.,Focus more on PYTHON as it is your weakest subject. Your attendance is good. Keep maintaining it. Spend more time completing and practicing assignments.,62.04470000000008,Average
ST0366,19,86,80,49,40,67,88,49,74,65.66,Average,python,maths,Maintain your current performance and strengthen maths further.,Focus more on MATHS as it is your weakest subject. Your study time is good. Maintain this consistency. Your attendance is good. Keep maintaining it.,71.8118,Average
ST0367,18,63,99,54,94,85,74,53,73,76.5,Good,maths,os,Improve attendance and give additional attention to os.,Focus more on OS as it is your weakest subject. Your study time is good. Maintain this consistency. Improve your attendance. Overall performance is good. Focus on strengthening your weak areas.,75.62789999999997,Good
ST0368,14,79,81,56,84,96,91,81,74,80.82,Good,dbms,ml,Maintain your current performance and strengthen ml further.,Focus more on ML as it is your weakest subject. Overall performance is good. Focus on strengthening your weak areas.,78.49259999999995,Good
ST0369,7,84,53,79,54,66,50,96,79,65.77,Average,os,python,Increase study time and focus more on python.,Focus more on PYTHON as it is your weakest subject. Increase your weekly study time. Spend more time completing and practicing assignments.,64.49400000000009,Average
ST0370,11,70,50,57,65,43,98,85,55,53.15,Needs Improvement,python,dbms,Complete assignments regularly and practice more in dbms.,Focus more on DBMS as it is your weakest subject. Spend more time completing and practicing assignments.,56.65179999999996,Average
ST0371,16,86,57,94,76,97,60,97,77,78.24,Good,dbms,python,Complete assignments regularly and practice more in python.,Focus more on PYTHON as it is your weakest subject. Your study time is good. Maintain this consistency. Your attendance is good. Keep maintaining it. Spend more time completing and practicing assignments. Overall performance is good. Focus on strengthening your weak areas.,75.80440000000002,Good
ST0372,20,54,93,48,60,54,90,69,52,78.93,Good,python,ml,Improve attendance and give additional attention to ml.,Focus more on ML as it is your weakest subject. Your study time is good. Maintain this consistency. Improve your attendance. Overall performance is good. Focus on strengthening your weak areas.,70.57280000000002,Average
ST0373,14,68,51,64,88,74,93,94,62,69.62,Average,os,ml,Improve attendance and give additional attention to ml.,Focus more on ML as it is your weakest subject. Improve your attendance. Spend more time completing and practicing assignments.,70.14249999999991,Average
ST0374,20,63,62,79,70,76,50,80,99,78.14,Good,ml,python,Improve attendance and give additional attention to python.,Focus more on PYTHON as it is your weakest subject. Your study time is good. Maintain this consistency. Improve your attendance. Overall performance is good. Focus on strengthening your weak areas.,79.34850000000007,Good
ST0375,13,75,51,98,64,40,69,64,93,76.18,Good,ml,dbms,Complete assignments regularly and practice more in dbms.,Focus more on DBMS as it is your weakest subject. Spend more time completing and practicing assignments. Overall performance is good. Focus on strengthening your weak areas.,75.40030000000007,Good
ST0376,8,53,52,53,62,42,99,53,61,53.27,Needs Improvement,python,dbms,Improve attendance and give additional attention to dbms.,Focus more on DBMS as it is your weakest subject. Increase your weekly study time. Improve your attendance. Spend more time completing and practicing assignments.,54.450500000000055,Average
ST0377,16,74,64,99,63,86,87,74,55,80.26,Good,python,ml,Maintain your current performance and strengthen ml further.,Focus more on ML as it is your weakest subject. Your study time is good. Maintain this consistency. Overall performance is good. Focus on strengthening your weak areas.,78.3807000000001,Good
ST0378,5,94,84,97,96,63,92,91,67,76.53,Good,maths,dbms,Increase study time and focus more on dbms.,Focus more on DBMS as it is your weakest subject. Increase your weekly study time. Your attendance is good. Keep maintaining it. Overall performance is good. Focus on strengthening your weak areas.,74.02500000000005,Average
ST0379,6,91,90,64,77,66,74,87,87,72.62,Average,os,dbms,Increase study time and focus more on dbms.,Focus more on DBMS as it is your weakest subject. Increase your weekly study time. Your attendance is good. Keep maintaining it.,71.37059999999995,Average
ST0380,5,74,97,89,67,79,61,73,74,70.3,Average,dbms,python,Increase study time and focus more on python.,Focus more on PYTHON as it is your weakest subject. Increase your weekly study time.,69.42120000000008,Average
ST0381,20,67,58,61,60,100,77,49,99,72.66,Average,dbms,os,Improve attendance and give additional attention to os.,Focus more on OS as it is your weakest subject. Your study time is good. Maintain this consistency. Improve your attendance. Spend more time completing and practicing assignments.,72.45099999999998,Average
ST0382,18,89,94,91,93,75,70,74,84,85.03,Good,maths,python,Maintain your current performance and strengthen python further.,Focus more on PYTHON as it is your weakest subject. Your study time is good. Maintain this consistency. Your attendance is good. Keep maintaining it. Overall performance is good. Focus on strengthening your weak areas.,83.3291,Good
ST0383,16,57,85,69,82,73,53,50,85,68.24,Average,ml,os,Improve attendance and give additional attention to os.,Focus more on OS as it is your weakest subject. Your study time is good. Maintain this consistency. Improve your attendance.,72.89480000000002,Average
ST0384,9,88,75,59,57,68,63,50,47,55.69,Needs Improvement,dbms,ml,Increase study time and focus more on ml.,Focus more on ML as it is your weakest subject. Increase your weekly study time. Your attendance is good. Keep maintaining it.,59.26909999999996,Average
ST0385,9,89,84,60,75,63,89,60,83,74.83,Average,python,os,Increase study time and focus more on os.,Focus more on OS as it is your weakest subject. Increase your weekly study time. Your attendance is good. Keep maintaining it.,72.97729999999997,Average
ST0386,20,63,47,83,74,63,88,60,94,75.52,Good,ml,os,Improve attendance and give additional attention to os.,Focus more on OS as it is your weakest subject. Your study time is good. Maintain this consistency. Improve your attendance. Spend more time completing and practicing assignments. Overall performance is good. Focus on strengthening your weak areas.,75.59670000000011,Good
ST0387,15,81,68,71,84,81,71,61,94,80.15,Good,ml,os,Maintain your current performance and strengthen os further.,Focus more on OS as it is your weakest subject. Your study time is good. Maintain this consistency. Overall performance is good. Focus on strengthening your weak areas.,77.3374999999999,Good
ST0388,11,100,94,90,94,43,75,84,61,84.85,Good,maths,dbms,Maintain your current performance and strengthen dbms further.,Focus more on DBMS as it is your weakest subject. Your attendance is good. Keep maintaining it. Overall performance is good. Focus on strengthening your weak areas.,81.27760000000009,Good
ST0389,13,87,92,85,48,42,71,46,60,71.5,Average,python,dbms,Maintain your current performance and strengthen dbms further.,Focus more on DBMS as it is your weakest subject. Your attendance is good. Keep maintaining it.,72.88929999999999,Average
ST0390,13,82,94,88,92,73,94,94,65,76.61,Good,python,ml,Maintain your current performance and strengthen ml further.,Focus more on ML as it is your weakest subject. Overall performance is good. Focus on strengthening your weak areas.,77.60239999999993,Good
ST0391,7,72,71,95,77,96,54,56,79,67.26,Average,dbms,python,Increase study time and focus more on python.,Focus more on PYTHON as it is your weakest subject. Increase your weekly study time.,67.23480000000009,Average
ST0392,7,64,90,60,97,88,82,41,60,62.18,Average,maths,os,Improve attendance and give additional attention to os.,Focus more on OS as it is your weakest subject. Increase your weekly study time. Improve your attendance.,63.74050000000004,Average
ST0393,20,82,83,74,69,62,97,51,64,71.94,Average,python,os,Maintain your current performance and strengthen os further.,Focus more on OS as it is your weakest subject. Your study time is good. Maintain this consistency.,74.8359999999999,Average
ST0394,20,74,57,97,99,92,74,96,80,83.06,Good,maths,python,Complete assignments regularly and practice more in python.,Focus more on PYTHON as it is your weakest subject. Your study time is good. Maintain this consistency. Spend more time completing and practicing assignments. Overall performance is good. Focus on strengthening your weak areas.,80.6314000000001,Good
ST0395,7,66,45,71,83,95,42,81,40,57.88,Needs Improvement,dbms,ml,Improve attendance and give additional attention to ml.,Focus more on ML as it is your weakest subject. Increase your weekly study time. Improve your attendance. Spend more time completing and practicing assignments.,58.59590000000006,Average
ST0396,8,82,57,69,73,91,55,57,45,59.1,Needs Improvement,dbms,ml,Increase study time and focus more on ml.,Focus more on ML as it is your weakest subject. Increase your weekly study time. Spend more time completing and practicing assignments.,59.69880000000005,Average
ST0397,12,96,58,94,71,62,44,93,62,69.35,Average,os,python,Complete assignments regularly and practice more in python.,Focus more on PYTHON as it is your weakest subject. Your attendance is good. Keep maintaining it. Spend more time completing and practicing assignments.,68.92430000000004,Average
ST0398,10,51,61,78,42,84,60,98,90,59.57,Needs Improvement,os,maths,Improve attendance and give additional attention to maths.,Focus more on MATHS as it is your weakest subject. Improve your attendance.,60.83449999999999,Average
ST0399,12,63,76,88,42,44,100,50,62,67.69,Average,python,maths,Improve attendance and give additional attention to maths.,Focus more on MATHS as it is your weakest subject. Improve your attendance.,67.84319999999992,Average
ST0400,5,89,71,51,67,70,49,55,82,66.74,Average,ml,python,Increase study time and focus more on python.,Focus more on PYTHON as it is your weakest subject. Increase your weekly study time. Your attendance is good. Keep maintaining it.,63.8875999999999,Average
ST0401,12,89,95,80,83,92,58,88,82,84.92,Good,dbms,python,Maintain your current performance and strengthen python further.,Focus more on PYTHON as it is your weakest subject. Your attendance is good. Keep maintaining it. Overall performance is good. Focus on strengthening your weak areas.,82.72410000000005,Good
ST0402,8,100,80,86,54,80,64,90,62,75.01,Good,os,maths,Increase study time and focus more on maths.,Focus more on MATHS as it is your weakest subject. Increase your weekly study time. Your attendance is good. Keep maintaining it. Overall performance is good. Focus on strengthening your weak areas.,74.11840000000012,Average
ST0403,15,88,98,57,80,96,43,57,71,78.44,Good,dbms,python,Maintain your current performance and strengthen python further.,Focus more on PYTHON as it is your weakest subject. Your study time is good. Maintain this consistency. Your attendance is good. Keep maintaining it. Overall performance is good. Focus on strengthening your weak areas.,76.77579999999988,Good
ST0404,5,100,42,60,62,100,100,74,69,63.12,Average,dbms,maths,Increase study time and focus more on maths.,Focus more on MATHS as it is your weakest subject. Increase your weekly study time. Your attendance is good. Keep maintaining it. Spend more time completing and practicing assignments.,63.16359999999993,Average
ST0405,12,55,67,52,79,96,68,92,52,57.97,Needs Improvement,dbms,ml,Improve attendance and give additional attention to ml.,Focus more on ML as it is your weakest subject. Improve your attendance.,60.521,Average
ST0406,8,55,49,60,50,99,58,98,82,58.21,Needs Improvement,dbms,maths,Improve attendance and give additional attention to maths.,Focus more on MATHS as it is your weakest subject. Increase your weekly study time. Improve your attendance. Spend more time completing and practicing assignments.,59.686900000000016,Average
ST0407,10,52,90,47,87,93,82,65,57,61.35,Average,dbms,ml,Improve attendance and give additional attention to ml.,Focus more on ML as it is your weakest subject. Improve your attendance.,63.30730000000007,Average
ST0408,12,56,74,85,71,45,41,55,62,64.05,Average,maths,python,Improve attendance and give additional attention to python.,Focus more on PYTHON as it is your weakest subject. Improve your attendance.,64.25540000000007,Average
ST0409,8,100,100,79,97,76,49,45,54,77.25,Good,maths,os,Increase study time and focus more on os.,Focus more on OS as it is your weakest subject. Increase your weekly study time. Your attendance is good. Keep maintaining it. Overall performance is good. Focus on strengthening your weak areas.,69.45970000000004,Average
ST0410,18,57,68,85,98,96,100,96,72,89.73,Good,python,ml,Improve attendance and give additional attention to ml.,Focus more on ML as it is your weakest subject. Your study time is good. Maintain this consistency. Improve your attendance. Overall performance is good. Focus on strengthening your weak areas.,85.88849999999988,Good
ST0411,7,91,93,46,96,49,82,83,60,67.66,Average,maths,dbms,Increase study time and focus more on dbms.,Focus more on DBMS as it is your weakest subject. Increase your weekly study time. Your attendance is good. Keep maintaining it.,67.93439999999994,Average
ST0412,20,64,54,62,93,79,64,82,96,69.31,Average,ml,python,Improve attendance and give additional attention to python.,Focus more on PYTHON as it is your weakest subject. Your study time is good. Maintain this consistency. Improve your attendance. Spend more time completing and practicing assignments.,71.98889999999994,Average
ST0413,18,96,72,83,75,46,59,86,78,79.98,Good,os,dbms,Maintain your current performance and strengthen dbms further.,Focus more on DBMS as it is your weakest subject. Your study time is good. Maintain this consistency. Your attendance is good. Keep maintaining it. Overall performance is good. Focus on strengthening your weak areas.,79.57439999999987,Good
ST0414,13,78,46,71,99,78,87,86,62,71.45,Average,maths,ml,Complete assignments regularly and practice more in ml.,Focus more on ML as it is your weakest subject. Spend more time completing and practicing assignments.,71.4032999999999,Average
ST0415,7,82,51,50,72,77,58,87,66,62.37,Average,os,python,Increase study time and focus more on python.,Focus more on PYTHON as it is your weakest subject. Increase your weekly study time. Spend more time completing and practicing assignments.,60.88609999999996,Average
ST0416,13,79,88,61,63,60,62,81,84,71.62,Average,ml,dbms,Maintain your current performance and strengthen dbms further.,Focus more on DBMS as it is your weakest subject.,72.21219999999994,Average
ST0417,17,88,69,61,78,100,63,51,83,76.22,Good,dbms,os,Maintain your current performance and strengthen os further.,Focus more on OS as it is your weakest subject. Your study time is good. Maintain this consistency. Your attendance is good. Keep maintaining it. Overall performance is good. Focus on strengthening your weak areas.,75.13200000000002,Good
ST0418,6,76,60,82,73,59,50,99,57,59.83,Needs Improvement,os,python,Increase study time and focus more on python.,Focus more on PYTHON as it is your weakest subject. Increase your weekly study time.,61.65899999999996,Average
ST0419,20,85,70,64,95,42,85,52,63,75.19,Good,maths,dbms,Maintain your current performance and strengthen dbms further.,Focus more on DBMS as it is your weakest subject. Your study time is good. Maintain this consistency. Your attendance is good. Keep maintaining it. Overall performance is good. Focus on strengthening your weak areas.,74.0929999999999,Average
ST0420,18,78,97,61,67,90,73,43,90,80.86,Good,dbms,os,Maintain your current performance and strengthen os further.,Focus more on OS as it is your weakest subject. Your study time is good. Maintain this consistency. Overall performance is good. Focus on strengthening your weak areas.,77.49089999999994,Good
ST0421,6,87,100,67,76,61,94,78,86,63.72,Average,python,dbms,Increase study time and focus more on dbms.,Focus more on DBMS as it is your weakest subject. Increase your weekly study time. Your attendance is good. Keep maintaining it.,67.54160000000002,Average
ST0422,6,82,63,68,46,86,67,93,79,62.65,Average,os,maths,Increase study time and focus more on maths.,Focus more on MATHS as it is your weakest subject. Increase your weekly study time.,62.63049999999994,Average
ST0423,10,86,59,52,43,43,44,41,90,60.57,Average,ml,os,Complete assignments regularly and practice more in os.,Focus more on OS as it is your weakest subject. Your attendance is good. Keep maintaining it. Spend more time completing and practicing assignments.,59.90549999999995,Average
ST0424,7,76,76,57,76,67,98,65,81,72.0,Average,python,os,Increase study time and focus more on os.,Focus more on OS as it is your weakest subject. Increase your weekly study time.,70.4918,Average
ST0425,20,82,43,41,95,51,44,98,46,66.69,Average,os,python,Complete assignments regularly and practice more in python.,Focus more on PYTHON as it is your weakest subject. Your study time is good. Maintain this consistency. Spend more time completing and practicing assignments.,67.1617999999999,Average
ST0426,17,53,67,68,40,77,90,66,89,75.28,Good,python,maths,Improve attendance and give additional attention to maths.,Focus more on MATHS as it is your weakest subject. Your study time is good. Maintain this consistency. Improve your attendance. Overall performance is good. Focus on strengthening your weak areas.,71.29079999999999,Average
ST0427,13,71,83,60,40,90,60,66,87,75.87,Good,dbms,maths,Maintain your current performance and strengthen maths further.,Focus more on MATHS as it is your weakest subject. Overall performance is good. Focus on strengthening your weak areas.,73.20189999999997,Average
ST0428,8,51,59,54,86,75,51,54,59,53.81,Needs Improvement,maths,python,Improve attendance and give additional attention to python.,Focus more on PYTHON as it is your weakest subject. Increase your weekly study time. Improve your attendance. Spend more time completing and practicing assignments.,54.0177,Average
ST0429,5,59,99,91,59,86,89,47,66,64.41,Average,python,os,Improve attendance and give additional attention to os.,Focus more on OS as it is your weakest subject. Increase your weekly study time. Improve your attendance.,65.50399999999995,Average
ST0430,8,54,63,66,58,80,43,46,45,53.76,Needs Improvement,dbms,python,Improve attendance and give additional attention to python.,Focus more on PYTHON as it is your weakest subject. Increase your weekly study time. Improve your attendance.,59.118900000000004,Average
ST0431,5,59,89,89,68,44,93,86,66,65.21,Average,python,dbms,Improve attendance and give additional attention to dbms.,Focus more on DBMS as it is your weakest subject. Increase your weekly study time. Improve your attendance.,65.55040000000001,Average
ST0432,18,82,88,70,49,52,88,94,48,81.53,Good,os,ml,Maintain your current performance and strengthen ml further.,Focus more on ML as it is your weakest subject. Your study time is good. Maintain this consistency. Overall performance is good. Focus on strengthening your weak areas.,80.41939999999995,Good
ST0433,9,87,90,54,99,62,81,85,92,69.89,Average,maths,dbms,Increase study time and focus more on dbms.,Focus more on DBMS as it is your weakest subject. Increase your weekly study time. Your attendance is good. Keep maintaining it.,69.01720000000002,Average
ST0434,20,62,71,90,57,97,59,79,84,85.92,Good,dbms,maths,Improve attendance and give additional attention to maths.,Focus more on MATHS as it is your weakest subject. Your study time is good. Maintain this consistency. Improve your attendance. Overall performance is good. Focus on strengthening your weak areas.,82.75240000000004,Good
ST0435,8,80,80,62,67,89,77,99,96,68.06,Average,os,maths,Increase study time and focus more on maths.,Focus more on MATHS as it is your weakest subject. Increase your weekly study time.,67.95780000000009,Average
ST0436,12,96,75,63,74,69,64,51,70,65.0,Average,maths,os,Maintain your current performance and strengthen os further.,Focus more on OS as it is your weakest subject. Your attendance is good. Keep maintaining it.,66.8967,Average
ST0437,20,85,97,83,82,76,53,52,60,84.46,Good,maths,os,Maintain your current performance and strengthen os further.,Focus more on OS as it is your weakest subject. Your study time is good. Maintain this consistency. Your attendance is good. Keep maintaining it. Overall performance is good. Focus on strengthening your weak areas.,81.23100000000001,Good
ST0438,12,94,92,52,86,64,50,82,65,76.91,Good,maths,python,Maintain your current performance and strengthen python further.,Focus more on PYTHON as it is your weakest subject. Your attendance is good. Keep maintaining it. Overall performance is good. Focus on strengthening your weak areas.,74.61829999999995,Average
ST0439,11,73,73,61,70,87,71,56,79,68.17,Average,dbms,os,Maintain your current performance and strengthen os further.,Focus more on OS as it is your weakest subject.,67.92710000000002,Average
ST0440,7,64,75,82,66,66,50,100,87,67.72,Average,os,python,Improve attendance and give additional attention to python.,Focus more on PYTHON as it is your weakest subject. Increase your weekly study time. Improve your attendance.,67.5795,Average
ST0441,5,78,41,76,50,90,100,56,84,68.67,Average,python,maths,Increase study time and focus more on maths.,Focus more on MATHS as it is your weakest subject. Increase your weekly study time. Spend more time completing and practicing assignments.,66.36620000000002,Average
ST0442,20,57,54,100,88,53,57,95,52,80.78,Good,os,ml,Improve attendance and give additional attention to ml.,Focus more on ML as it is your weakest subject. Your study time is good. Maintain this consistency. Improve your attendance. Spend more time completing and practicing assignments. Overall performance is good. Focus on strengthening your weak areas.,77.65979999999996,Good
ST0443,5,54,73,72,88,96,66,75,88,63.88,Average,dbms,python,Improve attendance and give additional attention to python.,Focus more on PYTHON as it is your weakest subject. Increase your weekly study time. Improve your attendance.,64.50710000000005,Average
ST0444,20,78,75,95,77,87,94,60,62,82.08,Good,python,os,Maintain your current performance and strengthen os further.,Focus more on OS as it is your weakest subject. Your study time is good. Maintain this consistency. Overall performance is good. Focus on strengthening your weak areas.,80.18729999999995,Good
ST0445,16,96,45,42,44,98,93,47,59,71.7,Average,dbms,maths,Complete assignments regularly and practice more in maths.,Focus more on MATHS as it is your weakest subject. Your study time is good. Maintain this consistency. Your attendance is good. Keep maintaining it. Spend more time completing and practicing assignments.,69.98189999999992,Average
ST0446,15,53,78,93,47,86,57,44,76,73.62,Average,dbms,os,Improve attendance and give additional attention to os.,Focus more on OS as it is your weakest subject. Your study time is good. Maintain this consistency. Improve your attendance.,72.21649999999997,Average
ST0447,7,61,81,58,73,93,95,65,93,68.0,Average,python,os,Improve attendance and give additional attention to os.,Focus more on OS as it is your weakest subject. Increase your weekly study time. Improve your attendance.,67.03600000000002,Average
ST0448,10,94,90,62,87,75,62,55,92,71.56,Average,ml,os,Maintain your current performance and strengthen os further.,Focus more on OS as it is your weakest subject. Your attendance is good. Keep maintaining it.,70.72000000000008,Average
ST0449,11,51,90,68,91,78,50,75,67,67.31,Average,maths,python,Improve attendance and give additional attention to python.,Focus more on PYTHON as it is your weakest subject. Improve your attendance.,67.76120000000007,Average
ST0450,10,76,97,69,95,55,60,67,56,69.02,Average,maths,dbms,Maintain your current performance and strengthen dbms further.,Focus more on DBMS as it is your weakest subject.,68.3136000000001,Average
ST0451,18,80,93,78,51,95,83,93,67,81.64,Good,dbms,maths,Maintain your current performance and strengthen maths further.,Focus more on MATHS as it is your weakest subject. Your study time is good. Maintain this consistency. Overall performance is good. Focus on strengthening your weak areas.,81.24330000000008,Good
ST0452,18,100,100,83,77,61,44,68,80,81.15,Good,ml,python,Maintain your current performance and strengthen python further.,Focus more on PYTHON as it is your weakest subject. Your study time is good. Maintain this consistency. Your attendance is good. Keep maintaining it. Overall performance is good. Focus on strengthening your weak areas.,81.4699,Good
ST0453,10,100,51,86,40,60,62,86,41,66.84,Average,os,maths,Complete assignments regularly and practice more in maths.,Focus more on MATHS as it is your weakest subject. Your attendance is good. Keep maintaining it. Spend more time completing and practicing assignments.,64.47420000000008,Average
ST0454,10,85,42,64,70,93,80,51,64,61.12,Average,dbms,os,Complete assignments regularly and practice more in os.,Focus more on OS as it is your weakest subject. Your attendance is good. Keep maintaining it. Spend more time completing and practicing assignments.,62.028599999999955,Average
ST0455,17,85,84,76,43,60,98,76,97,80.64,Good,python,maths,Maintain your current performance and strengthen maths further.,Focus more on MATHS as it is your weakest subject. Your study time is good. Maintain this consistency. Your attendance is good. Keep maintaining it. Overall performance is good. Focus on strengthening your weak areas.,80.5708000000001,Good
ST0456,7,75,57,86,88,47,64,69,89,56.29,Needs Improvement,ml,dbms,Increase study time and focus more on dbms.,Focus more on DBMS as it is your weakest subject. Increase your weekly study time. Spend more time completing and practicing assignments.,60.47879999999999,Average
ST0457,10,92,79,47,84,88,80,62,80,67.88,Average,dbms,os,Maintain your current performance and strengthen os further.,Focus more on OS as it is your weakest subject. Your attendance is good. Keep maintaining it.,68.57380000000006,Average
ST0458,12,76,60,81,89,55,93,55,45,72.53,Average,python,ml,Maintain your current performance and strengthen ml further.,Focus more on ML as it is your weakest subject.,70.21429999999997,Average
ST0459,15,54,54,97,44,98,49,53,50,62.73,Average,dbms,maths,Improve attendance and give additional attention to maths.,Focus more on MATHS as it is your weakest subject. Your study time is good. Maintain this consistency. Improve your attendance. Spend more time completing and practicing assignments.,64.58059999999993,Average
ST0460,15,69,72,55,69,94,61,49,96,72.6,Average,ml,os,Improve attendance and give additional attention to os.,Focus more on OS as it is your weakest subject. Your study time is good. Maintain this consistency. Improve your attendance.,71.59220000000009,Average
ST0461,6,60,74,47,95,70,58,46,100,55.71,Needs Improvement,ml,os,Improve attendance and give additional attention to os.,Focus more on OS as it is your weakest subject. Increase your weekly study time. Improve your attendance.,58.254100000000015,Average
ST0462,9,59,65,40,63,81,40,84,77,60.85,Average,os,python,Improve attendance and give additional attention to python.,Focus more on PYTHON as it is your weakest subject. Increase your weekly study time. Improve your attendance.,58.90930000000005,Average
ST0463,18,89,47,83,98,49,46,91,45,72.69,Average,maths,ml,Complete assignments regularly and practice more in ml.,Focus more on ML as it is your weakest subject. Your study time is good. Maintain this consistency. Your attendance is good. Keep maintaining it. Spend more time completing and practicing assignments.,75.7578,Good
ST0464,5,87,75,44,42,71,43,99,84,58.28,Needs Improvement,os,maths,Increase study time and focus more on maths.,Focus more on MATHS as it is your weakest subject. Increase your weekly study time. Your attendance is good. Keep maintaining it.,59.99619999999999,Average
ST0465,16,55,87,42,50,98,40,100,50,67.48,Average,os,python,Improve attendance and give additional attention to python.,Focus more on PYTHON as it is your weakest subject. Your study time is good. Maintain this consistency. Improve your attendance.,67.10609999999988,Average
ST0466,19,57,69,40,84,73,54,76,53,62.33,Average,maths,ml,Improve attendance and give additional attention to ml.,Focus more on ML as it is your weakest subject. Your study time is good. Maintain this consistency. Improve your attendance.,64.54159999999995,Average
ST0467,20,72,62,43,43,48,79,68,41,69.97,Average,python,ml,Maintain your current performance and strengthen ml further.,Focus more on ML as it is your weakest subject. Your study time is good. Maintain this consistency.,68.14670000000005,Average
ST0468,5,96,81,79,65,56,51,42,79,69.12,Average,ml,os,Increase study time and focus more on os.,Focus more on OS as it is your weakest subject. Increase your weekly study time. Your attendance is good. Keep maintaining it.,68.42159999999996,Average
ST0469,9,75,83,74,66,50,61,54,42,61.47,Average,maths,ml,Increase study time and focus more on ml.,Focus more on ML as it is your weakest subject. Increase your weekly study time.,63.00640000000001,Average
ST0470,16,95,53,71,85,71,61,75,94,77.97,Good,ml,python,Complete assignments regularly and practice more in python.,Focus more on PYTHON as it is your weakest subject. Your study time is good. Maintain this consistency. Your attendance is good. Keep maintaining it. Spend more time completing and practicing assignments. Overall performance is good. Focus on strengthening your weak areas.,76.41850000000004,Good
ST0471,17,92,53,81,93,49,89,86,92,82.65,Good,maths,dbms,Complete assignments regularly and practice more in dbms.,Focus more on DBMS as it is your weakest subject. Your study time is good. Maintain this consistency. Your attendance is good. Keep maintaining it. Spend more time completing and practicing assignments. Overall performance is good. Focus on strengthening your weak areas.,81.09329999999989,Good
ST0472,20,61,41,73,82,61,86,85,74,73.04,Average,python,dbms,Improve attendance and give additional attention to dbms.,Focus more on DBMS as it is your weakest subject. Your study time is good. Maintain this consistency. Improve your attendance. Spend more time completing and practicing assignments.,72.68659999999998,Average
ST0473,7,75,94,82,66,96,56,91,72,66.89,Average,dbms,python,Increase study time and focus more on python.,Focus more on PYTHON as it is your weakest subject. Increase your weekly study time.,69.06160000000006,Average
ST0474,8,62,76,64,81,56,68,58,63,67.5,Average,maths,dbms,Improve attendance and give additional attention to dbms.,Focus more on DBMS as it is your weakest subject. Increase your weekly study time. Improve your attendance.,67.28760000000001,Average
ST0475,7,89,44,49,90,43,85,52,58,55.69,Needs Improvement,maths,dbms,Increase study time and focus more on dbms.,Focus more on DBMS as it is your weakest subject. Increase your weekly study time. Your attendance is good. Keep maintaining it. Spend more time completing and practicing assignments.,57.23449999999993,Average
ST0476,20,67,77,60,89,87,53,81,57,73.85,Average,maths,python,Improve attendance and give additional attention to python.,Focus more on PYTHON as it is your weakest subject. Your study time is good. Maintain this consistency. Improve your attendance.,74.44930000000005,Average
ST0477,5,74,84,85,45,91,89,60,88,74.12,Average,dbms,maths,Increase study time and focus more on maths.,Focus more on MATHS as it is your weakest subject. Increase your weekly study time.,71.93189999999996,Average
ST0478,20,82,80,78,98,86,59,76,91,87.14,Good,maths,python,Maintain your current performance and strengthen python further.,Focus more on PYTHON as it is your weakest subject. Your study time is good. Maintain this consistency. Overall performance is good. Focus on strengthening your weak areas.,85.45810000000007,Good
ST0479,5,96,93,66,100,64,89,66,100,73.61,Average,maths,dbms,Increase study time and focus more on dbms.,Focus more on DBMS as it is your weakest subject. Increase your weekly study time. Your attendance is good. Keep maintaining it.,72.26489999999994,Average
ST0480,16,89,99,66,54,98,87,94,63,77.94,Good,dbms,maths,Maintain your current performance and strengthen maths further.,Focus more on MATHS as it is your weakest subject. Your study time is good. Maintain this consistency. Your attendance is good. Keep maintaining it. Overall performance is good. Focus on strengthening your weak areas.,79.84530000000001,Good
ST0481,16,92,100,41,92,60,72,91,84,82.09,Good,maths,dbms,Maintain your current performance and strengthen dbms further.,Focus more on DBMS as it is your weakest subject. Your study time is good. Maintain this consistency. Your attendance is good. Keep maintaining it. Overall performance is good. Focus on strengthening your weak areas.,80.26150000000004,Good
ST0482,18,61,86,80,69,76,94,68,74,90.31,Excellent,python,os,Improve attendance and give additional attention to os.,Focus more on OS as it is your weakest subject. Your study time is good. Maintain this consistency. Improve your attendance. Overall performance is good. Focus on strengthening your weak areas.,84.05910000000006,Good
ST0483,17,93,53,87,81,77,98,59,40,80.32,Good,python,ml,Complete assignments regularly and practice more in ml.,Focus more on ML as it is your weakest subject. Your study time is good. Maintain this consistency. Your attendance is good. Keep maintaining it. Spend more time completing and practicing assignments. Overall performance is good. Focus on strengthening your weak areas.,78.87779999999995,Good
ST0484,18,85,95,52,76,88,82,64,75,81.73,Good,dbms,os,Maintain your current performance and strengthen os further.,Focus more on OS as it is your weakest subject. Your study time is good. Maintain this consistency. Your attendance is good. Keep maintaining it. Overall performance is good. Focus on strengthening your weak areas.,79.8025999999999,Good
ST0485,9,97,78,48,97,40,54,45,64,66.33,Average,maths,dbms,Increase study time and focus more on dbms.,Focus more on DBMS as it is your weakest subject. Increase your weekly study time. Your attendance is good. Keep maintaining it.,67.49069999999998,Average
ST0486,10,53,64,91,100,64,51,75,84,66.07,Average,maths,python,Improve attendance and give additional attention to python.,Focus more on PYTHON as it is your weakest subject. Improve your attendance.,66.48899999999996,Average
ST0487,7,54,59,75,76,90,79,41,88,60.03,Average,dbms,os,Improve attendance and give additional attention to os.,Focus more on OS as it is your weakest subject. Increase your weekly study time. Improve your attendance. Spend more time completing and practicing assignments.,63.023799999999994,Average
ST0488,16,86,41,61,81,75,93,61,99,71.43,Average,ml,os,Complete assignments regularly and practice more in os.,Focus more on OS as it is your weakest subject. Your study time is good. Maintain this consistency. Your attendance is good. Keep maintaining it. Spend more time completing and practicing assignments.,71.77980000000004,Average
ST0489,13,57,78,81,99,56,59,71,82,68.79,Average,maths,dbms,Improve attendance and give additional attention to dbms.,Focus more on DBMS as it is your weakest subject. Improve your attendance.,70.05779999999999,Average
ST0490,9,91,45,65,76,80,69,55,73,62.45,Average,dbms,os,Increase study time and focus more on os.,Focus more on OS as it is your weakest subject. Increase your weekly study time. Your attendance is good. Keep maintaining it. Spend more time completing and practicing assignments.,63.661699999999946,Average
ST0491,12,98,56,97,74,63,77,57,64,71.67,Average,python,os,Complete assignments regularly and practice more in os.,Focus more on OS as it is your weakest subject. Your attendance is good. Keep maintaining it. Spend more time completing and practicing assignments.,70.03220000000003,Average
ST0492,17,77,98,93,62,41,42,44,55,73.3,Average,maths,dbms,Maintain your current performance and strengthen dbms further.,Focus more on DBMS as it is your weakest subject. Your study time is good. Maintain this consistency.,74.56840000000005,Average
ST0493,5,80,64,51,45,79,67,93,73,58.15,Needs Improvement,os,maths,Increase study time and focus more on maths.,Focus more on MATHS as it is your weakest subject. Increase your weekly study time.,59.29469999999993,Average
ST0494,18,58,96,56,43,54,95,75,68,73.92,Average,python,maths,Improve attendance and give additional attention to maths.,Focus more on MATHS as it is your weakest subject. Your study time is good. Maintain this consistency. Improve your attendance.,71.86739999999999,Average
ST0495,9,100,67,53,57,71,65,69,58,64.72,Average,dbms,maths,Increase study time and focus more on maths.,Focus more on MATHS as it is your weakest subject. Increase your weekly study time. Your attendance is good. Keep maintaining it.,63.80739999999999,Average
ST0496,19,78,41,53,99,78,69,84,62,72.91,Average,maths,ml,Complete assignments regularly and practice more in ml.,Focus more on ML as it is your weakest subject. Your study time is good. Maintain this consistency. Spend more time completing and practicing assignments.,72.03729999999995,Average
ST0497,7,63,74,96,48,98,52,58,58,70.02,Average,dbms,maths,Improve attendance and give additional attention to maths.,Focus more on MATHS as it is your weakest subject. Increase your weekly study time. Improve your attendance.,68.4696000000001,Average
ST0498,16,89,76,73,88,45,52,62,64,73.78,Average,maths,dbms,Maintain your current performance and strengthen dbms further.,Focus more on DBMS as it is your weakest subject. Your study time is good. Maintain this consistency. Your attendance is good. Keep maintaining it.,73.11929999999995,Average
ST0499,5,90,44,92,68,40,41,73,55,67.13,Average,os,dbms,Increase study time and focus more on dbms.,Focus more on DBMS as it is your weakest subject. Increase your weekly study time. Your attendance is good. Keep maintaining it. Spend more time completing and practicing assignments.,64.70230000000005,Average
ST0500,8,71,40,96,52,86,76,52,93,65.59,Average,ml,maths,Increase study time and focus more on maths.,Focus more on MATHS as it is your weakest subject. Increase your weekly study time. Spend more time completing and practicing assignments.,65.50700000000002,Average
ST0501,19,60,79,59,98,62,88,82,90,76.31,Good,maths,dbms,Improve attendance and give additional attention to dbms.,Focus more on DBMS as it is your weakest subject. Your study time is good. Maintain this consistency. Improve your attendance. Overall performance is good. Focus on strengthening your weak areas.,75.02910000000007,Good
ST0502,17,72,51,50,86,97,77,93,48,76.42,Good,dbms,ml,Complete assignments regularly and practice more in ml.,Focus more on ML as it is your weakest subject. Your study time is good. Maintain this consistency. Spend more time completing and practicing assignments. Overall performance is good. Focus on strengthening your weak areas.,73.80960000000003,Average
ST0503,9,50,95,55,91,78,41,68,40,60.94,Average,maths,ml,Improve attendance and give additional attention to ml.,Focus more on ML as it is your weakest subject. Increase your weekly study time. Improve your attendance.,62.414599999999936,Average
ST0504,20,95,75,90,56,100,75,75,81,76.52,Good,dbms,maths,Maintain your current performance and strengthen maths further.,Focus more on MATHS as it is your weakest subject. Your study time is good. Maintain this consistency. Your attendance is good. Keep maintaining it. Overall performance is good. Focus on strengthening your weak areas.,78.13440000000017,Good
ST0505,11,86,84,70,84,96,93,61,58,74.42,Average,dbms,ml,Maintain your current performance and strengthen ml further.,Focus more on ML as it is your weakest subject. Your attendance is good. Keep maintaining it.,74.01540000000004,Average
ST0506,5,70,62,94,71,56,65,91,72,62.75,Average,os,dbms,Increase study time and focus more on dbms.,Focus more on DBMS as it is your weakest subject. Increase your weekly study time.,62.86370000000001,Average
ST0507,20,75,86,45,87,73,50,91,73,83.51,Good,os,python,Maintain your current performance and strengthen python further.,Focus more on PYTHON as it is your weakest subject. Your study time is good. Maintain this consistency. Overall performance is good. Focus on strengthening your weak areas.,81.18400000000011,Good
ST0508,7,95,70,95,61,98,47,86,55,66.7,Average,dbms,python,Increase study time and focus more on python.,Focus more on PYTHON as it is your weakest subject. Increase your weekly study time. Your attendance is good. Keep maintaining it.,66.45499999999994,Average
ST0509,20,85,50,58,43,80,83,75,83,73.1,Average,python,maths,Complete assignments regularly and practice more in maths.,Focus more on MATHS as it is your weakest subject. Your study time is good. Maintain this consistency. Your attendance is good. Keep maintaining it. Spend more time completing and practicing assignments.,72.0821000000001,Average
ST0510,6,72,49,76,44,68,79,48,79,62.88,Average,python,maths,Increase study time and focus more on maths.,Focus more on MATHS as it is your weakest subject. Increase your weekly study time. Spend more time completing and practicing assignments.,61.95380000000007,Average
ST0511,13,50,42,97,76,48,82,78,94,69.39,Average,ml,dbms,Improve attendance and give additional attention to dbms.,Focus more on DBMS as it is your weakest subject. Improve your attendance. Spend more time completing and practicing assignments.,70.8748000000001,Average
ST0512,14,100,93,43,80,52,61,90,57,72.51,Average,os,dbms,Maintain your current performance and strengthen dbms further.,Focus more on DBMS as it is your weakest subject. Your attendance is good. Keep maintaining it.,73.56660000000011,Average
ST0513,19,89,53,86,88,45,59,58,73,72.78,Average,maths,dbms,Complete assignments regularly and practice more in dbms.,Focus more on DBMS as it is your weakest subject. Your study time is good. Maintain this consistency. Your attendance is good. Keep maintaining it. Spend more time completing and practicing assignments.,74.47219999999994,Average
ST0514,10,64,55,100,52,45,47,77,64,64.21,Average,os,dbms,Improve attendance and give additional attention to dbms.,Focus more on DBMS as it is your weakest subject. Improve your attendance. Spend more time completing and practicing assignments.,62.02290000000002,Average
ST0515,14,70,49,43,73,59,68,45,100,62.33,Average,ml,os,Complete assignments regularly and practice more in os.,Focus more on OS as it is your weakest subject. Spend more time completing and practicing assignments.,64.68769999999999,Average
ST0516,7,96,68,59,84,91,79,91,84,67.41,Average,dbms,python,Increase study time and focus more on python.,Focus more on PYTHON as it is your weakest subject. Increase your weekly study time. Your attendance is good. Keep maintaining it.,68.19099999999995,Average
ST0517,12,58,49,49,61,92,65,86,45,56.97,Needs Improvement,dbms,ml,Improve attendance and give additional attention to ml.,Focus more on ML as it is your weakest subject. Improve your attendance. Spend more time completing and practicing assignments.,57.84540000000001,Average
ST0518,18,58,51,63,92,42,69,54,60,62.73,Average,maths,dbms,Improve attendance and give additional attention to dbms.,Focus more on DBMS as it is your weakest subject. Your study time is good. Maintain this consistency. Improve your attendance. Spend more time completing and practicing assignments.,63.99699999999988,Average
ST0519,12,59,69,93,98,56,56,96,97,69.39,Average,maths,dbms,Improve attendance and give additional attention to dbms.,Focus more on DBMS as it is your weakest subject. Improve your attendance.,68.74510000000005,Average
ST0520,6,75,80,74,62,88,59,59,45,66.0,Average,dbms,ml,Increase study time and focus more on ml.,Focus more on ML as it is your weakest subject. Increase your weekly study time.,65.66400000000002,Average
ST0521,20,90,40,65,90,51,91,48,71,77.02,Good,python,os,Complete assignments regularly and practice more in os.,Focus more on OS as it is your weakest subject. Your study time is good. Maintain this consistency. Your attendance is good. Keep maintaining it. Spend more time completing and practicing assignments. Overall performance is good. Focus on strengthening your weak areas.,75.2569000000001,Good
ST0522,19,84,44,76,42,87,94,71,80,79.52,Good,python,maths,Complete assignments regularly and practice more in maths.,Focus more on MATHS as it is your weakest subject. Your study time is good. Maintain this consistency. Spend more time completing and practicing assignments. Overall performance is good. Focus on strengthening your weak areas.,73.48479999999999,Average
ST0523,10,74,59,77,81,86,55,43,87,66.16,Average,ml,os,Complete assignments regularly and practice more in os.,Focus more on OS as it is your weakest subject. Spend more time completing and practicing assignments.,64.47729999999997,Average
ST0524,11,75,47,60,73,84,85,89,82,66.24,Average,os,maths,Complete assignments regularly and practice more in maths.,Focus more on MATHS as it is your weakest subject. Spend more time completing and practicing assignments.,66.48899999999992,Average
ST0525,6,60,82,93,71,94,82,57,78,67.09,Average,dbms,os,Improve attendance and give additional attention to os.,Focus more on OS as it is your weakest subject. Increase your weekly study time. Improve your attendance.,67.46370000000007,Average
ST0526,19,87,51,79,84,40,46,44,70,75.51,Good,maths,dbms,Complete assignments regularly and practice more in dbms.,Focus more on DBMS as it is your weakest subject. Your study time is good. Maintain this consistency. Your attendance is good. Keep maintaining it. Spend more time completing and practicing assignments. Overall performance is good. Focus on strengthening your weak areas.,74.95520000000009,Average
ST0527,15,51,40,78,90,56,55,59,81,56.94,Needs Improvement,maths,python,Improve attendance and give additional attention to python.,Focus more on PYTHON as it is your weakest subject. Your study time is good. Maintain this consistency. Improve your attendance. Spend more time completing and practicing assignments.,70.35200000000003,Average
ST0528,14,56,96,60,97,42,84,62,49,67.12,Average,maths,dbms,Improve attendance and give additional attention to dbms.,Focus more on DBMS as it is your weakest subject. Improve your attendance.,70.00050000000005,Average
ST0529,6,67,93,49,88,65,98,50,69,59.7,Needs Improvement,python,os,Improve attendance and give additional attention to os.,Focus more on OS as it is your weakest subject. Increase your weekly study time. Improve your attendance.,65.73200000000006,Average
ST0530,14,76,59,77,60,54,86,76,96,77.28,Good,ml,dbms,Complete assignments regularly and practice more in dbms.,Focus more on DBMS as it is your weakest subject. Spend more time completing and practicing assignments. Overall performance is good. Focus on strengthening your weak areas.,73.908,Average
ST0531,5,83,67,85,85,75,95,61,91,66.83,Average,python,os,Increase study time and focus more on os.,Focus more on OS as it is your weakest subject. Increase your weekly study time.,67.63939999999995,Average
ST0532,12,76,96,43,83,71,87,97,57,65.36,Average,os,ml,Maintain your current performance and strengthen ml further.,Focus more on ML as it is your weakest subject.,67.08359999999995,Average
ST0533,5,66,82,99,60,71,66,43,99,66.67,Average,ml,os,Improve attendance and give additional attention to os.,Focus more on OS as it is your weakest subject. Increase your weekly study time. Improve your attendance.,67.76900000000005,Average
ST0534,13,92,76,96,83,43,92,68,63,75.55,Good,python,dbms,Maintain your current performance and strengthen dbms further.,Focus more on DBMS as it is your weakest subject. Your attendance is good. Keep maintaining it. Overall performance is good. Focus on strengthening your weak areas.,75.74190000000007,Good
ST0535,15,93,86,84,50,57,62,83,91,76.23,Good,ml,maths,Maintain your current performance and strengthen maths further.,Focus more on MATHS as it is your weakest subject. Your study time is good. Maintain this consistency. Your attendance is good. Keep maintaining it. Overall performance is good. Focus on strengthening your weak areas.,77.08820000000003,Good
ST0536,10,100,76,59,78,88,63,73,100,70.75,Average,ml,python,Maintain your current performance and strengthen python further.,Focus more on PYTHON as it is your weakest subject. Your attendance is good. Keep maintaining it.,70.90840000000001,Average
ST0537,20,73,51,56,43,58,48,52,48,61.63,Average,dbms,maths,Complete assignments regularly and practice more in maths.,Focus more on MATHS as it is your weakest subject. Your study time is good. Maintain this consistency. Spend more time completing and practicing assignments.,62.81430000000007,Average
ST0538,11,74,76,94,90,82,74,81,70,78.22,Good,maths,ml,Maintain your current performance and strengthen ml further.,Focus more on ML as it is your weakest subject. Overall performance is good. Focus on strengthening your weak areas.,76.80930000000006,Good
ST0539,17,56,88,46,40,91,90,48,54,69.01,Average,dbms,maths,Improve attendance and give additional attention to maths.,Focus more on MATHS as it is your weakest subject. Your study time is good. Maintain this consistency. Improve your attendance.,69.50660000000009,Average
ST0540,14,55,88,43,67,74,59,81,43,63.79,Average,os,ml,Improve attendance and give additional attention to ml.,Focus more on ML as it is your weakest subject. Improve your attendance.,64.05829999999997,Average
ST0541,11,73,95,68,63,79,76,70,79,67.7,Average,dbms,maths,Maintain your current performance and strengthen maths further.,Focus more on MATHS as it is your weakest subject.,68.68939999999995,Average
ST0542,14,82,83,53,100,53,81,46,48,68.98,Average,maths,os,Maintain your current performance and strengthen os further.,Focus more on OS as it is your weakest subject.,70.01309999999985,Average
ST0543,7,98,95,42,74,97,56,43,84,68.07,Average,dbms,os,Increase study time and focus more on os.,Focus more on OS as it is your weakest subject. Increase your weekly study time. Your attendance is good. Keep maintaining it.,68.41449999999999,Average
ST0544,6,78,67,63,52,72,86,58,48,60.51,Average,python,ml,Increase study time and focus more on ml.,Focus more on ML as it is your weakest subject. Increase your weekly study time.,61.397800000000004,Average
ST0545,13,92,86,76,86,53,70,81,65,76.59,Good,maths,dbms,Maintain your current performance and strengthen dbms further.,Focus more on DBMS as it is your weakest subject. Your attendance is good. Keep maintaining it. Overall performance is good. Focus on strengthening your weak areas.,76.99900000000005,Good
ST0546,12,71,54,55,73,73,94,69,43,59.95,Needs Improvement,python,ml,Complete assignments regularly and practice more in ml.,Focus more on ML as it is your weakest subject. Spend more time completing and practicing assignments.,61.07039999999993,Average
ST0547,17,75,45,97,50,100,96,70,56,65.98,Average,dbms,maths,Complete assignments regularly and practice more in maths.,Focus more on MATHS as it is your weakest subject. Your study time is good. Maintain this consistency. Spend more time completing and practicing assignments.,70.86959999999989,Average
ST0548,16,77,83,94,75,94,47,74,55,85.45,Good,dbms,python,Maintain your current performance and strengthen python further.,Focus more on PYTHON as it is your weakest subject. Your study time is good. Maintain this consistency. Overall performance is good. Focus on strengthening your weak areas.,81.94239999999992,Good
ST0549,14,99,98,91,90,43,54,96,54,75.55,Good,os,dbms,Maintain your current performance and strengthen dbms further.,Focus more on DBMS as it is your weakest subject. Your attendance is good. Keep maintaining it. Overall performance is good. Focus on strengthening your weak areas.,77.74419999999996,Good
ST0550,11,70,100,43,100,63,70,60,74,60.78,Average,maths,os,Maintain your current performance and strengthen os further.,Focus more on OS as it is your weakest subject.,67.91210000000005,Average
ST0551,13,98,59,95,56,98,92,100,96,82.26,Good,os,maths,Complete assignments regularly and practice more in maths.,Focus more on MATHS as it is your weakest subject. Your attendance is good. Keep maintaining it. Spend more time completing and practicing assignments. Overall performance is good. Focus on strengthening your weak areas.,80.6538000000001,Good
ST0552,8,56,89,63,74,68,69,70,91,58.41,Needs Improvement,ml,dbms,Improve attendance and give additional attention to dbms.,Focus more on DBMS as it is your weakest subject. Increase your weekly study time. Improve your attendance.,62.49129999999994,Average
ST0553,17,66,53,73,99,58,85,58,44,66.66,Average,maths,ml,Improve attendance and give additional attention to ml.,Focus more on ML as it is your weakest subject. Your study time is good. Maintain this consistency. Improve your attendance. Spend more time completing and practicing assignments.,66.70879999999994,Average
ST0554,8,69,41,69,57,45,59,70,94,59.8,Needs Improvement,ml,dbms,Improve attendance and give additional attention to dbms.,Focus more on DBMS as it is your weakest subject. Increase your weekly study time. Improve your attendance. Spend more time completing and practicing assignments.,59.99270000000007,Average
ST0555,5,90,48,57,79,96,99,92,44,70.04,Average,python,ml,Increase study time and focus more on ml.,Focus more on ML as it is your weakest subject. Increase your weekly study time. Your attendance is good. Keep maintaining it. Spend more time completing and practicing assignments.,62.930599999999984,Average
ST0556,12,98,76,58,61,72,78,71,59,72.22,Average,python,ml,Maintain your current performance and strengthen ml further.,Focus more on ML as it is your weakest subject. Your attendance is good. Keep maintaining it.,70.76980000000002,Average
ST0557,20,69,59,70,96,88,92,41,54,73.91,Average,maths,os,Improve attendance and give additional attention to os.,Focus more on OS as it is your weakest subject. Your study time is good. Maintain this consistency. Improve your attendance. Spend more time completing and practicing assignments.,72.86879999999992,Average
ST0558,18,71,65,99,63,79,94,98,57,80.41,Good,os,ml,Maintain your current performance and strengthen ml further.,Focus more on ML as it is your weakest subject. Your study time is good. Maintain this consistency. Overall performance is good. Focus on strengthening your weak areas.,79.80559999999996,Good
ST0559,20,77,68,99,97,58,51,91,86,76.18,Good,maths,python,Maintain your current performance and strengthen python further.,Focus more on PYTHON as it is your weakest subject. Your study time is good. Maintain this consistency. Overall performance is good. Focus on strengthening your weak areas.,77.87140000000008,Good
ST0560,18,89,40,58,58,92,88,49,41,67.21,Average,dbms,ml,Complete assignments regularly and practice more in ml.,Focus more on ML as it is your weakest subject. Your study time is good. Maintain this consistency. Your attendance is good. Keep maintaining it. Spend more time completing and practicing assignments.,68.43940000000002,Average
ST0561,16,98,94,88,76,40,56,41,68,75.87,Good,maths,dbms,Maintain your current performance and strengthen dbms further.,Focus more on DBMS as it is your weakest subject. Your study time is good. Maintain this consistency. Your attendance is good. Keep maintaining it. Overall performance is good. Focus on strengthening your weak areas.,75.64869999999995,Good
ST0562,7,56,74,85,78,44,81,41,52,60.58,Average,python,os,Improve attendance and give additional attention to os.,Focus more on OS as it is your weakest subject. Increase your weekly study time. Improve your attendance.,62.68999999999996,Average
ST0563,11,50,45,58,60,66,69,99,43,65.31,Average,os,ml,Improve attendance and give additional attention to ml.,Focus more on ML as it is your weakest subject. Improve your attendance. Spend more time completing and practicing assignments.,62.58800000000007,Average
ST0564,19,81,76,61,47,55,68,63,81,65.93,Average,ml,maths,Maintain your current performance and strengthen maths further.,Focus more on MATHS as it is your weakest subject. Your study time is good. Maintain this consistency.,68.81810000000007,Average
ST0565,16,62,92,63,67,45,58,56,84,68.62,Average,ml,dbms,Improve attendance and give additional attention to dbms.,Focus more on DBMS as it is your weakest subject. Your study time is good. Maintain this consistency. Improve your attendance.,68.26829999999997,Average
ST0566,6,79,98,84,44,79,85,71,49,60.78,Average,python,maths,Increase study time and focus more on maths.,Focus more on MATHS as it is your weakest subject. Increase your weekly study time.,63.80869999999999,Average
ST0567,6,72,44,51,56,52,50,55,100,50.95,Needs Improvement,ml,python,Increase study time and focus more on python.,Focus more on PYTHON as it is your weakest subject. Increase your weekly study time. Spend more time completing and practicing assignments.,53.51559999999994,Average
ST0568,20,100,72,69,76,87,73,55,70,77.96,Good,dbms,os,Maintain your current performance and strengthen os further.,Focus more on OS as it is your weakest subject. Your study time is good. Maintain this consistency. Your attendance is good. Keep maintaining it. Overall performance is good. Focus on strengthening your weak areas.,77.48910000000002,Good
ST0569,11,68,88,97,75,74,89,85,80,71.18,Average,python,dbms,Improve attendance and give additional attention to dbms.,Focus more on DBMS as it is your weakest subject. Improve your attendance.,72.13300000000008,Average
ST0570,19,81,90,77,93,58,46,78,47,82.39,Good,maths,python,Maintain your current performance and strengthen python further.,Focus more on PYTHON as it is your weakest subject. Your study time is good. Maintain this consistency. Overall performance is good. Focus on strengthening your weak areas.,81.54620000000008,Good
ST0571,10,79,53,92,58,51,83,92,42,67.44,Average,os,ml,Complete assignments regularly and practice more in ml.,Focus more on ML as it is your weakest subject. Spend more time completing and practicing assignments.,64.4004,Average
ST0572,7,78,51,70,66,55,97,70,87,66.28,Average,python,dbms,Increase study time and focus more on dbms.,Focus more on DBMS as it is your weakest subject. Increase your weekly study time. Spend more time completing and practicing assignments.,64.15309999999998,Average
ST0573,13,98,81,75,92,98,73,82,85,79.07,Good,dbms,python,Maintain your current performance and strengthen python further.,Focus more on PYTHON as it is your weakest subject. Your attendance is good. Keep maintaining it. Overall performance is good. Focus on strengthening your weak areas.,79.93989999999995,Good
ST0574,14,94,59,58,73,82,98,63,48,70.85,Average,python,ml,Complete assignments regularly and practice more in ml.,Focus more on ML as it is your weakest subject. Your attendance is good. Keep maintaining it. Spend more time completing and practicing assignments.,71.3476000000001,Average
ST0575,19,78,92,87,50,49,59,40,69,82.62,Good,ml,os,Maintain your current performance and strengthen os further.,Focus more on OS as it is your weakest subject. Your study time is good. Maintain this consistency. Overall performance is good. Focus on strengthening your weak areas.,80.94269999999995,Good
ST0576,18,79,89,84,93,64,89,50,92,82.95,Good,maths,os,Maintain your current performance and strengthen os further.,Focus more on OS as it is your weakest subject. Your study time is good. Maintain this consistency. Overall performance is good. Focus on strengthening your weak areas.,82.34269999999991,Good
ST0577,17,65,63,75,84,59,77,94,50,76.16,Good,os,ml,Improve attendance and give additional attention to ml.,Focus more on ML as it is your weakest subject. Your study time is good. Maintain this consistency. Improve your attendance. Overall performance is good. Focus on strengthening your weak areas.,75.33559999999997,Good
ST0578,10,89,98,69,86,70,63,60,74,70.64,Average,maths,os,Maintain your current performance and strengthen os further.,Focus more on OS as it is your weakest subject. Your attendance is good. Keep maintaining it.,70.7617000000001,Average
ST0579,14,68,82,94,51,43,49,43,76,71.8,Average,ml,dbms,Improve attendance and give additional attention to dbms.,Focus more on DBMS as it is your weakest subject. Improve your attendance.,73.04360000000001,Average
ST0580,14,67,73,88,93,83,71,46,100,73.51,Average,ml,os,Improve attendance and give additional attention to os.,Focus more on OS as it is your weakest subject. Improve your attendance.,74.34240000000011,Average
ST0581,10,50,64,94,60,62,91,65,81,58.74,Needs Improvement,python,maths,Improve attendance and give additional attention to maths.,Focus more on MATHS as it is your weakest subject. Improve your attendance.,61.62709999999993,Average
ST0582,5,63,89,72,93,41,54,86,52,61.39,Average,maths,dbms,Improve attendance and give additional attention to dbms.,Focus more on DBMS as it is your weakest subject. Increase your weekly study time. Improve your attendance.,62.772100000000066,Average
ST0583,8,100,68,57,50,95,76,89,75,66.82,Average,dbms,maths,Increase study time and focus more on maths.,Focus more on MATHS as it is your weakest subject. Increase your weekly study time. Your attendance is good. Keep maintaining it.,65.73809999999995,Average
ST0584,14,96,96,91,78,61,59,51,95,74.03,Average,ml,os,Maintain your current performance and strengthen os further.,Focus more on OS as it is your weakest subject. Your attendance is good. Keep maintaining it.,77.89160000000003,Good
ST0585,10,99,78,88,67,90,42,70,52,72.99,Average,dbms,python,Maintain your current performance and strengthen python further.,Focus more on PYTHON as it is your weakest subject. Your attendance is good. Keep maintaining it.,72.7573,Average
ST0586,19,51,70,98,44,96,76,56,51,70.89,Average,dbms,maths,Improve attendance and give additional attention to maths.,Focus more on MATHS as it is your weakest subject. Your study time is good. Maintain this consistency. Improve your attendance.,71.6332000000001,Average
ST0587,10,77,95,67,56,76,96,72,76,84.54,Good,python,maths,Maintain your current performance and strengthen maths further.,Focus more on MATHS as it is your weakest subject. Overall performance is good. Focus on strengthening your weak areas.,78.31929999999997,Good
ST0588,15,98,86,98,95,47,79,50,49,73.84,Average,maths,dbms,Maintain your current performance and strengthen dbms further.,Focus more on DBMS as it is your weakest subject. Your study time is good. Maintain this consistency. Your attendance is good. Keep maintaining it.,75.03160000000007,Good
ST0589,16,99,82,86,59,46,47,67,99,73.46,Average,ml,dbms,Maintain your current performance and strengthen dbms further.,Focus more on DBMS as it is your weakest subject. Your study time is good. Maintain this consistency. Your attendance is good. Keep maintaining it.,74.67160000000003,Average
ST0590,9,79,89,50,80,53,79,71,95,71.64,Average,ml,dbms,Increase study time and focus more on dbms.,Focus more on DBMS as it is your weakest subject. Increase your weekly study time.,67.82220000000001,Average
ST0591,5,87,62,96,85,95,83,40,48,65.79,Average,dbms,os,Increase study time and focus more on os.,Focus more on OS as it is your weakest subject. Increase your weekly study time. Your attendance is good. Keep maintaining it.,64.83809999999998,Average
ST0592,12,100,83,99,97,94,95,86,91,90.11,Excellent,maths,os,Maintain your current performance and strengthen os further.,Focus more on OS as it is your weakest subject. Your attendance is good. Keep maintaining it. Overall performance is good. Focus on strengthening your weak areas.,85.71619999999993,Good
ST0593,9,53,77,93,51,42,62,67,46,62.73,Average,os,dbms,Improve attendance and give additional attention to dbms.,Focus more on DBMS as it is your weakest subject. Increase your weekly study time. Improve your attendance.,63.51809999999991,Average
ST0594,16,50,59,84,45,89,79,92,41,66.84,Average,os,ml,Improve attendance and give additional attention to ml.,Focus more on ML as it is your weakest subject. Your study time is good. Maintain this consistency. Improve your attendance. Spend more time completing and practicing assignments.,68.30840000000005,Average
ST0595,16,57,62,72,56,55,50,81,93,62.58,Average,ml,python,Improve attendance and give additional attention to python.,Focus more on PYTHON as it is your weakest subject. Your study time is good. Maintain this consistency. Improve your attendance.,65.07639999999996,Average
ST0596,16,78,84,56,90,94,85,46,95,81.68,Good,ml,os,Maintain your current performance and strengthen os further.,Focus more on OS as it is your weakest subject. Your study time is good. Maintain this consistency. Overall performance is good. Focus on strengthening your weak areas.,75.16969999999995,Good
ST0597,9,88,91,45,58,58,47,41,99,58.66,Needs Improvement,ml,os,Increase study time and focus more on os.,Focus more on OS as it is your weakest subject. Increase your weekly study time. Your attendance is good. Keep maintaining it.,62.16829999999996,Average
ST0598,11,52,55,43,65,90,68,81,62,61.36,Average,dbms,ml,Improve attendance and give additional attention to ml.,Focus more on ML as it is your weakest subject. Improve your attendance. Spend more time completing and practicing assignments.,60.7721,Average
ST0599,8,81,89,59,87,57,69,63,78,70.81,Average,maths,dbms,Increase study time and focus more on dbms.,Focus more on DBMS as it is your weakest subject. Increase your weekly study time.,69.7508000000001,Average
ST0600,10,59,81,87,83,91,95,43,79,70.91,Average,python,os,Improve attendance and give additional attention to os.,Focus more on OS as it is your weakest subject. Improve your attendance.,70.87160000000002,Average
ST0601,17,59,99,86,83,55,99,83,78,80.24,Good,python,dbms,Improve attendance and give additional attention to dbms.,Focus more on DBMS as it is your weakest subject. Your study time is good. Maintain this consistency. Improve your attendance. Overall performance is good. Focus on strengthening your weak areas.,79.70959999999992,Good
ST0602,20,68,94,66,91,47,49,58,60,71.62,Average,maths,dbms,Improve attendance and give additional attention to dbms.,Focus more on DBMS as it is your weakest subject. Your study time is good. Maintain this consistency. Improve your attendance.,75.90499999999999,Good
ST0603,8,95,47,54,71,99,78,65,62,65.5,Average,dbms,ml,Increase study time and focus more on ml.,Focus more on ML as it is your weakest subject. Increase your weekly study time. Your attendance is good. Keep maintaining it. Spend more time completing and practicing assignments.,64.57119999999999,Average
ST0604,18,83,89,45,45,72,67,50,68,59.51,Needs Improvement,dbms,maths,Maintain your current performance and strengthen maths further.,Focus more on MATHS as it is your weakest subject. Your study time is good. Maintain this consistency.,64.4965000000001,Average
ST0605,19,82,60,86,94,88,88,79,53,84.2,Good,maths,ml,Maintain your current performance and strengthen ml further.,Focus more on ML as it is your weakest subject. Your study time is good. Maintain this consistency. Overall performance is good. Focus on strengthening your weak areas.,78.0432,Good
ST0606,7,72,40,53,97,51,75,89,65,58.62,Needs Improvement,maths,dbms,Increase study time and focus more on dbms.,Focus more on DBMS as it is your weakest subject. Increase your weekly study time. Spend more time completing and practicing assignments.,58.81789999999994,Average
ST0607,11,77,94,99,75,92,100,82,90,81.34,Good,python,maths,Maintain your current performance and strengthen maths further.,Focus more on MATHS as it is your weakest subject. Overall performance is good. Focus on strengthening your weak areas.,79.17350000000006,Good
ST0608,12,81,47,50,77,50,52,50,44,58.78,Needs Improvement,maths,ml,Complete assignments regularly and practice more in ml.,Focus more on ML as it is your weakest subject. Spend more time completing and practicing assignments.,58.97049999999997,Average
ST0609,8,99,68,78,50,44,71,84,94,63.27,Average,ml,dbms,Increase study time and focus more on dbms.,Focus more on DBMS as it is your weakest subject. Increase your weekly study time. Your attendance is good. Keep maintaining it.,63.63690000000011,Average
ST0610,20,56,71,48,72,66,75,42,70,59.35,Needs Improvement,python,os,Improve attendance and give additional attention to os.,Focus more on OS as it is your weakest subject. Your study time is good. Maintain this consistency. Improve your attendance.,63.035400000000024,Average
ST0611,17,78,77,65,63,51,76,51,64,73.22,Average,python,dbms,Maintain your current performance and strengthen dbms further.,Focus more on DBMS as it is your weakest subject. Your study time is good. Maintain this consistency.,73.12870000000005,Average
ST0612,6,57,44,55,62,56,65,42,70,55.32,Needs Improvement,ml,os,Improve attendance and give additional attention to os.,Focus more on OS as it is your weakest subject. Increase your weekly study time. Improve your attendance. Spend more time completing and practicing assignments.,55.38979999999996,Average
ST0613,16,50,86,44,54,45,61,81,89,59.14,Needs Improvement,ml,dbms,Improve attendance and give additional attention to dbms.,Focus more on DBMS as it is your weakest subject. Your study time is good. Maintain this consistency. Improve your attendance.,61.19360000000007,Average
ST0614,14,52,61,96,66,72,43,66,59,62.56,Average,dbms,python,Improve attendance and give additional attention to python.,Focus more on PYTHON as it is your weakest subject. Improve your attendance.,70.65939999999999,Average
ST0615,18,73,86,91,50,44,70,88,83,81.96,Good,os,dbms,Maintain your current performance and strengthen dbms further.,Focus more on DBMS as it is your weakest subject. Your study time is good. Maintain this consistency. Overall performance is good. Focus on strengthening your weak areas.,80.92920000000002,Good
ST0616,7,72,73,100,96,96,57,93,94,75.71,Good,maths,python,Increase study time and focus more on python.,Focus more on PYTHON as it is your weakest subject. Increase your weekly study time. Overall performance is good. Focus on strengthening your weak areas.,75.7073,Good
ST0617,5,57,40,49,90,67,77,41,56,61.92,Average,maths,os,Improve attendance and give additional attention to os.,Focus more on OS as it is your weakest subject. Increase your weekly study time. Improve your attendance. Spend more time completing and practicing assignments.,59.38510000000003,Average
ST0618,12,96,94,89,89,53,63,88,84,84.54,Good,maths,dbms,Maintain your current performance and strengthen dbms further.,Focus more on DBMS as it is your weakest subject. Your attendance is good. Keep maintaining it. Overall performance is good. Focus on strengthening your weak areas.,77.56110000000005,Good
ST0619,19,86,94,42,56,44,95,55,41,76.01,Good,python,ml,Maintain your current performance and strengthen ml further.,Focus more on ML as it is your weakest subject. Your study time is good. Maintain this consistency. Your attendance is good. Keep maintaining it. Overall performance is good. Focus on strengthening your weak areas.,74.9397000000001,Average
ST0620,7,52,65,52,90,93,62,41,64,53.79,Needs Improvement,dbms,os,Improve attendance and give additional attention to os.,Focus more on OS as it is your weakest subject. Increase your weekly study time. Improve your attendance.,55.20569999999997,Average
ST0621,16,100,82,82,92,95,61,99,52,85.63,Good,os,ml,Maintain your current performance and strengthen ml further.,Focus more on ML as it is your weakest subject. Your study time is good. Maintain this consistency. Your attendance is good. Keep maintaining it. Overall performance is good. Focus on strengthening your weak areas.,83.9892,Good
ST0622,14,82,49,88,53,98,41,93,97,79.57,Good,dbms,python,Complete assignments regularly and practice more in python.,Focus more on PYTHON as it is your weakest subject. Spend more time completing and practicing assignments. Overall performance is good. Focus on strengthening your weak areas.,73.89540000000004,Average
ST0623,11,77,69,69,66,72,70,69,78,67.44,Average,ml,maths,Maintain your current performance and strengthen maths further.,Focus more on MATHS as it is your weakest subject.,66.53119999999994,Average
ST0624,14,96,89,93,57,89,94,59,67,80.85,Good,python,maths,Maintain your current performance and strengthen maths further.,Focus more on MATHS as it is your weakest subject. Your attendance is good. Keep maintaining it. Overall performance is good. Focus on strengthening your weak areas.,79.82810000000009,Good
ST0625,9,57,57,84,67,87,50,77,81,64.61,Average,dbms,python,Improve attendance and give additional attention to python.,Focus more on PYTHON as it is your weakest subject. Increase your weekly study time. Improve your attendance. Spend more time completing and practicing assignments.,64.90649999999991,Average
ST0626,14,83,56,45,90,80,67,67,94,66.8,Average,ml,python,Complete assignments regularly and practice more in python.,Focus more on PYTHON as it is your weakest subject. Spend more time completing and practicing assignments.,67.89050000000006,Average
ST0627,9,84,65,56,86,58,85,64,45,64.49,Average,maths,ml,Increase study time and focus more on ml.,Focus more on ML as it is your weakest subject. Increase your weekly study time.,62.359999999999985,Average
ST0628,18,81,47,98,86,61,71,71,42,76.05,Good,maths,ml,Complete assignments regularly and practice more in ml.,Focus more on ML as it is your weakest subject. Your study time is good. Maintain this consistency. Spend more time completing and practicing assignments. Overall performance is good. Focus on strengthening your weak areas.,75.46620000000007,Good
ST0629,11,73,86,84,43,44,44,100,97,76.33,Good,os,maths,Maintain your current performance and strengthen maths further.,Focus more on MATHS as it is your weakest subject. Overall performance is good. Focus on strengthening your weak areas.,73.86619999999995,Average
ST0630,19,63,79,90,46,98,77,49,74,77.12,Good,dbms,maths,Improve attendance and give additional attention to maths.,Focus more on MATHS as it is your weakest subject. Your study time is good. Maintain this consistency. Improve your attendance. Overall performance is good. Focus on strengthening your weak areas.,77.19589999999995,Good
ST0631,13,81,88,92,84,41,49,99,57,77.95,Good,os,dbms,Maintain your current performance and strengthen dbms further.,Focus more on DBMS as it is your weakest subject. Overall performance is good. Focus on strengthening your weak areas.,77.10709999999993,Good
ST0632,16,95,51,58,74,69,79,81,50,70.67,Average,os,ml,Complete assignments regularly and practice more in ml.,Focus more on ML as it is your weakest subject. Your study time is good. Maintain this consistency. Your attendance is good. Keep maintaining it. Spend more time completing and practicing assignments.,71.13420000000002,Average
ST0633,9,92,66,81,87,86,85,79,93,77.51,Good,ml,os,Increase study time and focus more on os.,Focus more on OS as it is your weakest subject. Increase your weekly study time. Your attendance is good. Keep maintaining it. Overall performance is good. Focus on strengthening your weak areas.,74.90970000000009,Average
ST0634,5,65,47,74,48,78,63,72,59,54.3,Needs Improvement,dbms,maths,Improve attendance and give additional attention to maths.,Focus more on MATHS as it is your weakest subject. Increase your weekly study time. Improve your attendance. Spend more time completing and practicing assignments.,55.88250000000007,Average
ST0635,14,53,64,85,47,43,74,52,44,64.79,Average,python,dbms,Improve attendance and give additional attention to dbms.,Focus more on DBMS as it is your weakest subject. Improve your attendance.,65.91179999999997,Average
ST0636,14,86,85,65,91,72,83,95,58,80.24,Good,os,ml,Maintain your current performance and strengthen ml further.,Focus more on ML as it is your weakest subject. Your attendance is good. Keep maintaining it. Overall performance is good. Focus on strengthening your weak areas.,76.58590000000002,Good
ST0637,5,70,43,90,84,52,87,80,61,56.66,Needs Improvement,python,dbms,Increase study time and focus more on dbms.,Focus more on DBMS as it is your weakest subject. Increase your weekly study time. Spend more time completing and practicing assignments.,62.841300000000004,Average
ST0638,19,63,72,44,56,59,99,93,98,78.61,Good,python,maths,Improve attendance and give additional attention to maths.,Focus more on MATHS as it is your weakest subject. Your study time is good. Maintain this consistency. Improve your attendance. Overall performance is good. Focus on strengthening your weak areas.,76.77259999999993,Good
ST0639,6,80,40,68,56,93,62,81,99,60.9,Average,ml,maths,Increase study time and focus more on maths.,Focus more on MATHS as it is your weakest subject. Increase your weekly study time. Spend more time completing and practicing assignments.,61.16299999999999,Average
ST0640,20,97,58,76,88,46,56,86,58,76.15,Good,maths,dbms,Complete assignments regularly and practice more in dbms.,Focus more on DBMS as it is your weakest subject. Your study time is good. Maintain this consistency. Your attendance is good. Keep maintaining it. Spend more time completing and practicing assignments. Overall performance is good. Focus on strengthening your weak areas.,76.7757999999999,Good
ST0641,18,67,70,59,72,54,40,76,86,67.52,Average,ml,python,Improve attendance and give additional attention to python.,Focus more on PYTHON as it is your weakest subject. Your study time is good. Maintain this consistency. Improve your attendance.,68.25400000000009,Average
ST0642,10,56,55,88,71,62,94,93,55,67.29,Average,python,ml,Improve attendance and give additional attention to ml.,Focus more on ML as it is your weakest subject. Improve your attendance. Spend more time completing and practicing assignments.,66.79269999999997,Average
ST0643,20,59,53,60,47,53,70,55,63,65.94,Average,python,maths,Improve attendance and give additional attention to maths.,Focus more on MATHS as it is your weakest subject. Your study time is good. Maintain this consistency. Improve your attendance. Spend more time completing and practicing assignments.,65.9875999999999,Average
ST0644,13,56,92,49,58,62,70,84,80,68.81,Average,os,maths,Improve attendance and give additional attention to maths.,Focus more on MATHS as it is your weakest subject. Improve your attendance.,66.71870000000001,Average
ST0645,12,82,87,44,77,58,81,61,43,67.91,Average,python,ml,Maintain your current performance and strengthen ml further.,Focus more on ML as it is your weakest subject.,67.28979999999997,Average
ST0646,17,72,44,75,42,93,96,96,54,74.75,Average,python,maths,Complete assignments regularly and practice more in maths.,Focus more on MATHS as it is your weakest subject. Your study time is good. Maintain this consistency. Spend more time completing and practicing assignments.,74.18449999999999,Average
ST0647,9,70,80,45,98,68,94,59,64,76.17,Good,maths,os,Increase study time and focus more on os.,Focus more on OS as it is your weakest subject. Increase your weekly study time. Overall performance is good. Focus on strengthening your weak areas.,72.70550000000006,Average
ST0648,5,68,65,65,44,95,81,89,83,62.3,Average,dbms,maths,Improve attendance and give additional attention to maths.,Focus more on MATHS as it is your weakest subject. Increase your weekly study time. Improve your attendance.,61.96530000000008,Average
ST0649,20,97,67,43,52,59,92,82,94,74.64,Average,ml,maths,Maintain your current performance and strengthen maths further.,Focus more on MATHS as it is your weakest subject. Your study time is good. Maintain this consistency. Your attendance is good. Keep maintaining it.,74.34040000000006,Average
ST0650,17,68,41,78,86,68,95,66,74,64.2,Average,python,os,Improve attendance and give additional attention to os.,Focus more on OS as it is your weakest subject. Your study time is good. Maintain this consistency. Improve your attendance. Spend more time completing and practicing assignments.,75.33930000000002,Good
ST0651,11,85,89,78,85,63,73,80,94,71.67,Average,ml,dbms,Maintain your current performance and strengthen dbms further.,Focus more on DBMS as it is your weakest subject. Your attendance is good. Keep maintaining it.,71.4427,Average
ST0652,20,78,45,89,100,57,48,55,53,78.65,Good,maths,python,Complete assignments regularly and practice more in python.,Focus more on PYTHON as it is your weakest subject. Your study time is good. Maintain this consistency. Spend more time completing and practicing assignments. Overall performance is good. Focus on strengthening your weak areas.,77.43569999999991,Good
ST0653,19,67,48,74,70,49,61,73,88,74.1,Average,ml,dbms,Improve attendance and give additional attention to dbms.,Focus more on DBMS as it is your weakest subject. Your study time is good. Maintain this consistency. Improve your attendance. Spend more time completing and practicing assignments.,70.70299999999999,Average
ST0654,9,51,72,40,94,80,52,71,58,52.9,Needs Improvement,maths,python,Improve attendance and give additional attention to python.,Focus more on PYTHON as it is your weakest subject. Increase your weekly study time. Improve your attendance.,54.997999999999955,Average
ST0655,10,50,80,63,55,96,64,65,77,73.8,Average,dbms,maths,Improve attendance and give additional attention to maths.,Focus more on MATHS as it is your weakest subject. Improve your attendance.,69.68570000000005,Average
ST0656,17,96,64,96,89,47,87,64,75,82.05,Good,maths,dbms,Maintain your current performance and strengthen dbms further.,Focus more on DBMS as it is your weakest subject. Your study time is good. Maintain this consistency. Your attendance is good. Keep maintaining it. Overall performance is good. Focus on strengthening your weak areas.,81.09580000000007,Good
ST0657,11,54,87,75,71,65,57,41,46,64.84,Average,maths,os,Improve attendance and give additional attention to os.,Focus more on OS as it is your weakest subject. Improve your attendance.,64.79759999999999,Average
ST0658,7,69,52,45,61,68,90,51,69,64.61,Average,python,os,Improve attendance and give additional attention to os.,Focus more on OS as it is your weakest subject. Increase your weekly study time. Improve your attendance. Spend more time completing and practicing assignments.,61.82579999999995,Average
ST0659,16,60,48,80,68,49,51,79,58,72.51,Average,os,dbms,Improve attendance and give additional attention to dbms.,Focus more on DBMS as it is your weakest subject. Your study time is good. Maintain this consistency. Improve your attendance. Spend more time completing and practicing assignments.,71.23750000000011,Average
ST0660,14,91,92,93,61,56,79,48,88,81.76,Good,ml,os,Maintain your current performance and strengthen os further.,Focus more on OS as it is your weakest subject. Your attendance is good. Keep maintaining it. Overall performance is good. Focus on strengthening your weak areas.,79.72430000000013,Good
ST0661,20,51,52,85,82,41,56,51,64,72.1,Average,maths,dbms,Improve attendance and give additional attention to dbms.,Focus more on DBMS as it is your weakest subject. Your study time is good. Maintain this consistency. Improve your attendance. Spend more time completing and practicing assignments.,73.07839999999999,Average
ST0662,7,52,70,99,42,45,54,65,55,62.11,Average,os,maths,Improve attendance and give additional attention to maths.,Focus more on MATHS as it is your weakest subject. Increase your weekly study time. Improve your attendance.,61.66509999999996,Average
ST0663,9,72,80,83,93,97,81,48,86,71.64,Average,dbms,os,Increase study time and focus more on os.,Focus more on OS as it is your weakest subject. Increase your weekly study time.,75.57340000000005,Good
ST0664,10,61,50,99,49,44,54,49,93,62.88,Average,ml,dbms,Improve attendance and give additional attention to dbms.,Focus more on DBMS as it is your weakest subject. Improve your attendance. Spend more time completing and practicing assignments.,62.82880000000006,Average
ST0665,13,69,43,96,81,67,54,71,79,71.14,Average,maths,python,Improve attendance and give additional attention to python.,Focus more on PYTHON as it is your weakest subject. Improve your attendance. Spend more time completing and practicing assignments.,71.48650000000009,Average
ST0666,17,54,73,70,60,80,94,96,90,75.44,Good,os,maths,Improve attendance and give additional attention to maths.,Focus more on MATHS as it is your weakest subject. Your study time is good. Maintain this consistency. Improve your attendance. Overall performance is good. Focus on strengthening your weak areas.,74.80239999999993,Average
ST0667,18,86,100,59,55,44,78,73,47,71.68,Average,python,dbms,Maintain your current performance and strengthen dbms further.,Focus more on DBMS as it is your weakest subject. Your study time is good. Maintain this consistency. Your attendance is good. Keep maintaining it.,73.32670000000006,Average
ST0668,16,87,77,63,51,57,52,87,57,70.27,Average,os,maths,Maintain your current performance and strengthen maths further.,Focus more on MATHS as it is your weakest subject. Your study time is good. Maintain this consistency. Your attendance is good. Keep maintaining it.,71.34340000000014,Average
ST0669,9,79,85,64,41,65,56,59,67,59.41,Needs Improvement,ml,maths,Increase study time and focus more on maths.,Focus more on MATHS as it is your weakest subject. Increase your weekly study time.,66.33490000000003,Average
ST0670,19,58,43,75,80,59,71,78,55,69.67,Average,maths,ml,Improve attendance and give additional attention to ml.,Focus more on ML as it is your weakest subject. Your study time is good. Maintain this consistency. Improve your attendance. Spend more time completing and practicing assignments.,70.61830000000003,Average
ST0671,5,83,77,60,63,80,48,99,91,57.55,Needs Improvement,os,python,Increase study time and focus more on python.,Focus more on PYTHON as it is your weakest subject. Increase your weekly study time.,66.34720000000003,Average
ST0672,18,93,58,69,74,88,79,41,58,76.16,Good,dbms,os,Complete assignments regularly and practice more in os.,Focus more on OS as it is your weakest subject. Your study time is good. Maintain this consistency. Your attendance is good. Keep maintaining it. Spend more time completing and practicing assignments. Overall performance is good. Focus on strengthening your weak areas.,74.83059999999993,Average
ST0673,18,84,45,63,95,66,59,40,81,64.14,Average,maths,os,Complete assignments regularly and practice more in os.,Focus more on OS as it is your weakest subject. Your study time is good. Maintain this consistency. Spend more time completing and practicing assignments.,64.96330000000007,Average
ST0674,18,71,73,83,69,88,65,90,56,76.2,Good,os,ml,Maintain your current performance and strengthen ml further.,Focus more on ML as it is your weakest subject. Your study time is good. Maintain this consistency. Overall performance is good. Focus on strengthening your weak areas.,76.2532999999999,Good
ST0675,8,93,57,81,96,51,66,99,84,72.39,Average,os,dbms,Increase study time and focus more on dbms.,Focus more on DBMS as it is your weakest subject. Increase your weekly study time. Your attendance is good. Keep maintaining it. Spend more time completing and practicing assignments.,70.63790000000006,Average
ST0676,9,73,52,69,69,46,60,75,52,62.4,Average,os,dbms,Increase study time and focus more on dbms.,Focus more on DBMS as it is your weakest subject. Increase your weekly study time. Spend more time completing and practicing assignments.,61.40059999999998,Average
ST0677,16,66,80,61,86,98,57,63,46,74.24,Average,dbms,ml,Improve attendance and give additional attention to ml.,Focus more on ML as it is your weakest subject. Your study time is good. Maintain this consistency. Improve your attendance.,72.93729999999991,Average
ST0678,20,59,62,67,74,42,52,93,66,72.37,Average,os,dbms,Improve attendance and give additional attention to dbms.,Focus more on DBMS as it is your weakest subject. Your study time is good. Maintain this consistency. Improve your attendance.,70.2354,Average
ST0679,14,79,58,46,58,49,55,66,49,56.36,Needs Improvement,os,dbms,Complete assignments regularly and practice more in dbms.,Focus more on DBMS as it is your weakest subject. Spend more time completing and practicing assignments.,63.88139999999995,Average
ST0680,14,95,84,74,89,73,48,41,73,78.55,Good,maths,os,Maintain your current performance and strengthen os further.,Focus more on OS as it is your weakest subject. Your attendance is good. Keep maintaining it. Overall performance is good. Focus on strengthening your weak areas.,75.47559999999997,Good
ST0681,20,72,50,94,47,64,51,70,75,69.5,Average,ml,maths,Complete assignments regularly and practice more in maths.,Focus more on MATHS as it is your weakest subject. Your study time is good. Maintain this consistency. Spend more time completing and practicing assignments.,70.83070000000001,Average
ST0682,9,81,40,67,65,74,83,96,64,68.32,Average,os,ml,Increase study time and focus more on ml.,Focus more on ML as it is your weakest subject. Increase your weekly study time. Spend more time completing and practicing assignments.,65.81489999999995,Average
ST0683,11,66,63,53,88,55,77,53,45,63.07,Average,maths,ml,Improve attendance and give additional attention to ml.,Focus more on ML as it is your weakest subject. Improve your attendance.,62.14889999999995,Average
ST0684,8,99,93,95,79,41,58,41,63,76.23,Good,maths,dbms,Increase study time and focus more on dbms.,Focus more on DBMS as it is your weakest subject. Increase your weekly study time. Your attendance is good. Keep maintaining it. Overall performance is good. Focus on strengthening your weak areas.,75.06959999999992,Good
ST0685,5,100,46,49,46,99,99,68,57,60.18,Average,dbms,maths,Increase study time and focus more on maths.,Focus more on MATHS as it is your weakest subject. Increase your weekly study time. Your attendance is good. Keep maintaining it. Spend more time completing and practicing assignments.,61.63640000000002,Average
ST0686,18,66,64,55,69,63,46,54,62,63.05,Average,maths,python,Improve attendance and give additional attention to python.,Focus more on PYTHON as it is your weakest subject. Your study time is good. Maintain this consistency. Improve your attendance.,64.29160000000007,Average
ST0687,18,63,60,55,46,49,96,51,45,59.62,Needs Improvement,python,ml,Improve attendance and give additional attention to ml.,Focus more on ML as it is your weakest subject. Your study time is good. Maintain this consistency. Improve your attendance.,61.85029999999994,Average
ST0688,9,58,54,93,42,77,74,76,68,58.61,Needs Improvement,dbms,maths,Improve attendance and give additional attention to maths.,Focus more on MATHS as it is your weakest subject. Increase your weekly study time. Improve your attendance. Spend more time completing and practicing assignments.,64.13250000000001,Average
ST0689,11,89,40,70,40,61,87,67,64,56.63,Needs Improvement,python,maths,Complete assignments regularly and practice more in maths.,Focus more on MATHS as it is your weakest subject. Your attendance is good. Keep maintaining it. Spend more time completing and practicing assignments.,58.563800000000064,Average
ST0690,14,51,51,81,75,65,57,59,94,69.72,Average,ml,python,Improve attendance and give additional attention to python.,Focus more on PYTHON as it is your weakest subject. Improve your attendance. Spend more time completing and practicing assignments.,70.50360000000003,Average
ST0691,14,94,97,64,64,82,55,100,56,81.51,Good,os,python,Maintain your current performance and strengthen python further.,Focus more on PYTHON as it is your weakest subject. Your attendance is good. Keep maintaining it. Overall performance is good. Focus on strengthening your weak areas.,79.04190000000011,Good
ST0692,10,74,46,52,76,94,94,78,85,67.9,Average,dbms,maths,Complete assignments regularly and practice more in maths.,Focus more on MATHS as it is your weakest subject. Spend more time completing and practicing assignments.,66.21119999999992,Average
ST0693,9,88,54,45,40,78,78,63,63,59.46,Needs Improvement,dbms,maths,Increase study time and focus more on maths.,Focus more on MATHS as it is your weakest subject. Increase your weekly study time. Your attendance is good. Keep maintaining it. Spend more time completing and practicing assignments.,61.35159999999998,Average
ST0694,8,58,60,83,54,66,43,60,50,65.5,Average,dbms,python,Improve attendance and give additional attention to python.,Focus more on PYTHON as it is your weakest subject. Increase your weekly study time. Improve your attendance.,63.2311,Average
ST0695,6,71,58,48,76,68,98,49,65,57.08,Needs Improvement,python,os,Increase study time and focus more on os.,Focus more on OS as it is your weakest subject. Increase your weekly study time. Spend more time completing and practicing assignments.,58.657099999999964,Average
ST0696,8,92,99,84,52,86,64,85,90,76.52,Good,ml,maths,Increase study time and focus more on maths.,Focus more on MATHS as it is your weakest subject. Increase your weekly study time. Your attendance is good. Keep maintaining it. Overall performance is good. Focus on strengthening your weak areas.,74.03320000000012,Average
ST0697,19,95,68,75,79,77,71,53,73,79.22,Good,maths,os,Maintain your current performance and strengthen os further.,Focus more on OS as it is your weakest subject. Your study time is good. Maintain this consistency. Your attendance is good. Keep maintaining it. Overall performance is good. Focus on strengthening your weak areas.,78.56380000000006,Good
ST0698,14,53,64,95,47,59,79,76,67,67.41,Average,python,maths,Improve attendance and give additional attention to maths.,Focus more on MATHS as it is your weakest subject. Improve your attendance.,68.1495,Average
ST0699,14,75,72,82,44,66,52,57,42,69.14,Average,dbms,ml,Maintain your current performance and strengthen ml further.,Focus more on ML as it is your weakest subject.,69.89590000000007,Average
ST0700,7,78,88,59,99,80,84,63,50,64.54,Average,maths,ml,Increase study time and focus more on ml.,Focus more on ML as it is your weakest subject. Increase your weekly study time.,65.37259999999998,Average
ST0701,14,94,71,57,48,93,56,53,77,67.39,Average,dbms,maths,Maintain your current performance and strengthen maths further.,Focus more on MATHS as it is your weakest subject. Your attendance is good. Keep maintaining it.,68.49870000000004,Average
ST0702,20,83,88,97,40,59,88,73,100,88.13,Good,ml,maths,Maintain your current performance and strengthen maths further.,Focus more on MATHS as it is your weakest subject. Your study time is good. Maintain this consistency. Overall performance is good. Focus on strengthening your weak areas.,85.61760000000004,Good
ST0703,5,72,74,82,75,83,76,97,53,64.09,Average,os,ml,Increase study time and focus more on ml.,Focus more on ML as it is your weakest subject. Increase your weekly study time.,65.50700000000008,Average
ST0704,12,86,83,96,74,58,45,51,90,74.54,Average,ml,python,Maintain your current performance and strengthen python further.,Focus more on PYTHON as it is your weakest subject. Your attendance is good. Keep maintaining it.,74.19769999999997,Average
ST0705,9,60,77,60,41,59,58,61,65,57.06,Needs Improvement,ml,maths,Improve attendance and give additional attention to maths.,Focus more on MATHS as it is your weakest subject. Increase your weekly study time. Improve your attendance.,59.70530000000007,Average
ST0706,17,55,65,43,79,74,52,95,87,68.49,Average,os,python,Improve attendance and give additional attention to python.,Focus more on PYTHON as it is your weakest subject. Your study time is good. Maintain this consistency. Improve your attendance.,68.32959999999989,Average
ST0707,8,67,50,89,62,86,96,45,60,60.64,Average,python,os,Improve attendance and give additional attention to os.,Focus more on OS as it is your weakest subject. Increase your weekly study time. Improve your attendance. Spend more time completing and practicing assignments.,62.46230000000005,Average
ST0708,20,70,74,72,48,41,99,75,93,74.76,Average,python,dbms,Maintain your current performance and strengthen dbms further.,Focus more on DBMS as it is your weakest subject. Your study time is good. Maintain this consistency.,74.8739000000001,Average
ST0709,12,91,47,66,73,69,65,84,95,66.34,Average,ml,python,Complete assignments regularly and practice more in python.,Focus more on PYTHON as it is your weakest subject. Your attendance is good. Keep maintaining it. Spend more time completing and practicing assignments.,66.54990000000006,Average
ST0710,20,85,85,46,85,92,53,75,78,82.58,Good,dbms,python,Maintain your current performance and strengthen python further.,Focus more on PYTHON as it is your weakest subject. Your study time is good. Maintain this consistency. Your attendance is good. Keep maintaining it. Overall performance is good. Focus on strengthening your weak areas.,81.23529999999997,Good
ST0711,11,90,53,45,53,73,70,61,69,62.71,Average,dbms,maths,Complete assignments regularly and practice more in maths.,Focus more on MATHS as it is your weakest subject. Your attendance is good. Keep maintaining it. Spend more time completing and practicing assignments.,62.792700000000025,Average
ST0712,6,87,49,54,43,61,93,53,98,62.53,Average,ml,maths,Increase study time and focus more on maths.,Focus more on MATHS as it is your weakest subject. Increase your weekly study time. Your attendance is good. Keep maintaining it. Spend more time completing and practicing assignments.,60.895099999999985,Average
ST0713,5,83,41,57,69,42,43,55,47,54.17,Needs Improvement,maths,dbms,Increase study time and focus more on dbms.,Focus more on DBMS as it is your weakest subject. Increase your weekly study time. Spend more time completing and practicing assignments.,55.631200000000035,Average
ST0714,16,66,85,71,70,45,99,100,90,75.74,Good,os,dbms,Improve attendance and give additional attention to dbms.,Focus more on DBMS as it is your weakest subject. Your study time is good. Maintain this consistency. Improve your attendance. Overall performance is good. Focus on strengthening your weak areas.,76.94230000000003,Good
ST0715,20,86,48,95,77,54,78,75,59,81.89,Good,python,dbms,Complete assignments regularly and practice more in dbms.,Focus more on DBMS as it is your weakest subject. Your study time is good. Maintain this consistency. Your attendance is good. Keep maintaining it. Spend more time completing and practicing assignments. Overall performance is good. Focus on strengthening your weak areas.,76.31250000000001,Good
ST0716,20,74,42,50,50,66,47,95,87,68.99,Average,os,python,Complete assignments regularly and practice more in python.,Focus more on PYTHON as it is your weakest subject. Your study time is good. Maintain this consistency. Spend more time completing and practicing assignments.,68.7423999999999,Average
ST0717,15,87,60,59,74,49,64,64,71,67.81,Average,maths,dbms,Maintain your current performance and strengthen dbms further.,Focus more on DBMS as it is your weakest subject. Your study time is good. Maintain this consistency. Your attendance is good. Keep maintaining it.,70.7105,Average
ST0718,8,61,65,63,47,48,52,71,61,60.89,Average,os,maths,Improve attendance and give additional attention to maths.,Focus more on MATHS as it is your weakest subject. Increase your weekly study time. Improve your attendance.,59.8989000000001,Average
ST0719,12,72,47,54,42,72,71,72,98,65.02,Average,ml,maths,Complete assignments regularly and practice more in maths.,Focus more on MATHS as it is your weakest subject. Spend more time completing and practicing assignments.,64.2384000000001,Average
ST0720,16,91,87,87,53,71,98,84,46,78.98,Good,python,ml,Maintain your current performance and strengthen ml further.,Focus more on ML as it is your weakest subject. Your study time is good. Maintain this consistency. Your attendance is good. Keep maintaining it. Overall performance is good. Focus on strengthening your weak areas.,78.30729999999986,Good
ST0721,6,71,41,46,99,87,77,75,48,58.68,Needs Improvement,maths,ml,Increase study time and focus more on ml.,Focus more on ML as it is your weakest subject. Increase your weekly study time. Spend more time completing and practicing assignments.,58.95400000000001,Average
ST0722,7,70,45,60,52,45,77,59,84,50.38,Needs Improvement,ml,dbms,Increase study time and focus more on dbms.,Focus more on DBMS as it is your weakest subject. Increase your weekly study time. Spend more time completing and practicing assignments.,59.246400000000015,Average
ST0723,16,76,67,81,84,80,95,57,40,75.51,Good,python,ml,Maintain your current performance and strengthen ml further.,Focus more on ML as it is your weakest subject. Your study time is good. Maintain this consistency. Overall performance is good. Focus on strengthening your weak areas.,74.9462000000001,Average
ST0724,5,80,92,65,71,98,67,77,68,61.22,Average,dbms,python,Increase study time and focus more on python.,Focus more on PYTHON as it is your weakest subject. Increase your weekly study time.,63.89130000000003,Average
ST0725,5,55,68,83,73,75,92,42,47,54.99,Needs Improvement,python,os,Improve attendance and give additional attention to os.,Focus more on OS as it is your weakest subject. Increase your weekly study time. Improve your attendance.,58.507799999999925,Average
ST0726,17,76,65,95,84,98,69,62,95,83.3,Good,dbms,os,Maintain your current performance and strengthen os further.,Focus more on OS as it is your weakest subject. Your study time is good. Maintain this consistency. Overall performance is good. Focus on strengthening your weak areas.,81.0415000000001,Good
ST0727,7,89,64,53,100,99,42,71,93,55.57,Needs Improvement,maths,python,Increase study time and focus more on python.,Focus more on PYTHON as it is your weakest subject. Increase your weekly study time. Your attendance is good. Keep maintaining it.,57.81499999999997,Average
ST0728,15,83,51,96,58,41,67,84,43,77.22,Good,os,dbms,Complete assignments regularly and practice more in dbms.,Focus more on DBMS as it is your weakest subject. Your study time is good. Maintain this consistency. Spend more time completing and practicing assignments. Overall performance is good. Focus on strengthening your weak areas.,75.09100000000004,Good
ST0729,9,61,44,76,98,68,42,98,74,66.09,Average,maths,python,Improve attendance and give additional attention to python.,Focus more on PYTHON as it is your weakest subject. Increase your weekly study time. Improve your attendance. Spend more time completing and practicing assignments.,64.12520000000004,Average
ST0730,16,94,73,97,77,43,84,55,98,73.24,Average,ml,dbms,Maintain your current performance and strengthen dbms further.,Focus more on DBMS as it is your weakest subject. Your study time is good. Maintain this consistency. Your attendance is good. Keep maintaining it.,75.0506999999999,Good
ST0731,7,56,87,60,55,40,93,98,42,70.0,Average,os,dbms,Improve attendance and give additional attention to dbms.,Focus more on DBMS as it is your weakest subject. Increase your weekly study time. Improve your attendance.,67.557,Average
ST0732,5,59,76,57,41,58,73,44,93,66.13,Average,ml,maths,Improve attendance and give additional attention to maths.,Focus more on MATHS as it is your weakest subject. Increase your weekly study time. Improve your attendance.,64.65450000000007,Average
ST0733,5,94,54,44,79,65,55,43,84,55.9,Needs Improvement,ml,os,Increase study time and focus more on os.,Focus more on OS as it is your weakest subject. Increase your weekly study time. Your attendance is good. Keep maintaining it. Spend more time completing and practicing assignments.,57.36289999999998,Average
ST0734,12,66,83,42,56,64,61,60,79,59.34,Needs Improvement,ml,maths,Improve attendance and give additional attention to maths.,Focus more on MATHS as it is your weakest subject. Improve your attendance.,61.76830000000006,Average
ST0735,14,75,75,62,94,49,71,79,46,76.28,Good,maths,ml,Maintain your current performance and strengthen ml further.,Focus more on ML as it is your weakest subject. Overall performance is good. Focus on strengthening your weak areas.,73.46519999999995,Average
ST0736,15,70,54,65,73,92,100,90,66,71.44,Average,python,ml,Complete assignments regularly and practice more in ml.,Focus more on ML as it is your weakest subject. Your study time is good. Maintain this consistency. Spend more time completing and practicing assignments.,71.8178999999999,Average
ST0737,16,77,82,76,81,54,77,53,40,73.24,Average,maths,ml,Maintain your current performance and strengthen ml further.,Focus more on ML as it is your weakest subject. Your study time is good. Maintain this consistency.,73.68829999999988,Average
ST0738,17,95,87,63,99,98,47,78,66,85.78,Good,maths,python,Maintain your current performance and strengthen python further.,Focus more on PYTHON as it is your weakest subject. Your study time is good. Maintain this consistency. Your attendance is good. Keep maintaining it. Overall performance is good. Focus on strengthening your weak areas.,78.69020000000005,Good
ST0739,17,51,62,88,55,61,94,70,55,69.99,Average,python,maths,Improve attendance and give additional attention to maths.,Focus more on MATHS as it is your weakest subject. Your study time is good. Maintain this consistency. Improve your attendance.,71.4452999999999,Average
ST0740,16,92,45,58,77,90,47,53,77,68.37,Average,dbms,python,Complete assignments regularly and practice more in python.,Focus more on PYTHON as it is your weakest subject. Your study time is good. Maintain this consistency. Your attendance is good. Keep maintaining it. Spend more time completing and practicing assignments.,68.92289999999996,Average
ST0741,19,50,85,90,99,87,96,45,46,73.77,Average,maths,os,Improve attendance and give additional attention to os.,Focus more on OS as it is your weakest subject. Your study time is good. Maintain this consistency. Improve your attendance.,77.584,Good
ST0742,18,100,89,64,41,60,45,51,83,73.03,Average,ml,maths,Maintain your current performance and strengthen maths further.,Focus more on MATHS as it is your weakest subject. Your study time is good. Maintain this consistency. Your attendance is good. Keep maintaining it.,71.33700000000007,Average
ST0743,6,85,83,60,41,98,53,55,62,60.79,Average,dbms,maths,Increase study time and focus more on maths.,Focus more on MATHS as it is your weakest subject. Increase your weekly study time. Your attendance is good. Keep maintaining it.,62.443099999999994,Average
ST0744,17,100,98,51,65,95,71,56,80,75.09,Good,dbms,os,Maintain your current performance and strengthen os further.,Focus more on OS as it is your weakest subject. Your study time is good. Maintain this consistency. Your attendance is good. Keep maintaining it. Overall performance is good. Focus on strengthening your weak areas.,75.45380000000006,Good
ST0745,7,75,82,96,52,61,74,84,98,66.19,Average,ml,maths,Increase study time and focus more on maths.,Focus more on MATHS as it is your weakest subject. Increase your weekly study time.,67.18959999999991,Average
ST0746,6,78,84,100,95,75,49,62,50,68.6,Average,maths,python,Increase study time and focus more on python.,Focus more on PYTHON as it is your weakest subject. Increase your weekly study time.,69.69700000000009,Average
ST0747,7,70,60,80,86,73,42,53,81,54.55,Needs Improvement,maths,python,Increase study time and focus more on python.,Focus more on PYTHON as it is your weakest subject. Increase your weekly study time.,57.89530000000008,Average
ST0748,11,60,62,72,70,69,98,100,92,66.61,Average,os,dbms,Improve attendance and give additional attention to dbms.,Focus more on DBMS as it is your weakest subject. Improve your attendance.,66.57929999999992,Average
ST0749,5,89,82,89,99,64,51,46,72,75.02,Good,maths,os,Increase study time and focus more on os.,Focus more on OS as it is your weakest subject. Increase your weekly study time. Your attendance is good. Keep maintaining it. Overall performance is good. Focus on strengthening your weak areas.,74.49110000000015,Average
ST0750,14,60,94,92,73,84,88,85,89,78.85,Good,ml,maths,Improve attendance and give additional attention to maths.,Focus more on MATHS as it is your weakest subject. Improve your attendance. Overall performance is good. Focus on strengthening your weak areas.,76.9325,Good
ST0751,12,85,55,43,78,67,98,71,75,64.8,Average,python,dbms,Complete assignments regularly and practice more in dbms.,Focus more on DBMS as it is your weakest subject. Your attendance is good. Keep maintaining it. Spend more time completing and practicing assignments.,64.84870000000006,Average
ST0752,17,98,86,81,42,40,70,54,76,75.09,Good,ml,dbms,Maintain your current performance and strengthen dbms further.,Focus more on DBMS as it is your weakest subject. Your study time is good. Maintain this consistency. Your attendance is good. Keep maintaining it. Overall performance is good. Focus on strengthening your weak areas.,76.13640000000008,Good
ST0753,14,88,92,96,47,88,68,83,80,79.68,Good,dbms,maths,Maintain your current performance and strengthen maths further.,Focus more on MATHS as it is your weakest subject. Your attendance is good. Keep maintaining it. Overall performance is good. Focus on strengthening your weak areas.,79.32110000000006,Good
ST0754,14,89,99,46,62,84,44,56,98,75.48,Good,ml,python,Maintain your current performance and strengthen python further.,Focus more on PYTHON as it is your weakest subject. Your attendance is good. Keep maintaining it. Overall performance is good. Focus on strengthening your weak areas.,73.24539999999993,Average
ST0755,14,84,54,61,53,43,91,80,56,68.48,Average,python,dbms,Complete assignments regularly and practice more in dbms.,Focus more on DBMS as it is your weakest subject. Spend more time completing and practicing assignments.,67.93709999999984,Average
ST0756,18,83,64,94,95,46,64,93,74,78.63,Good,maths,dbms,Maintain your current performance and strengthen dbms further.,Focus more on DBMS as it is your weakest subject. Your study time is good. Maintain this consistency. Overall performance is good. Focus on strengthening your weak areas.,78.41320000000005,Good
ST0757,6,96,75,72,94,88,80,86,87,72.04,Average,maths,python,Increase study time and focus more on python.,Focus more on PYTHON as it is your weakest subject. Increase your weekly study time. Your attendance is good. Keep maintaining it.,70.93639999999998,Average
ST0758,7,73,50,56,66,48,70,83,44,60.87,Average,os,ml,Increase study time and focus more on ml.,Focus more on ML as it is your weakest subject. Increase your weekly study time. Spend more time completing and practicing assignments.,60.06469999999994,Average
ST0759,13,71,90,63,93,75,60,73,87,67.72,Average,maths,python,Maintain your current performance and strengthen python further.,Focus more on PYTHON as it is your weakest subject.,69.81750000000005,Average
ST0760,11,54,54,100,68,58,97,44,71,65.63,Average,python,os,Improve attendance and give additional attention to os.,Focus more on OS as it is your weakest subject. Improve your attendance. Spend more time completing and practicing assignments.,65.75180000000005,Average
ST0761,8,82,43,100,78,40,59,84,42,63.5,Average,os,dbms,Increase study time and focus more on dbms.,Focus more on DBMS as it is your weakest subject. Increase your weekly study time. Spend more time completing and practicing assignments.,62.78039999999998,Average
ST0762,14,85,60,73,92,49,78,66,91,69.91,Average,maths,dbms,Maintain your current performance and strengthen dbms further.,Focus more on DBMS as it is your weakest subject. Your attendance is good. Keep maintaining it.,72.95199999999998,Average
ST0763,9,96,52,67,78,75,61,91,86,68.16,Average,os,python,Increase study time and focus more on python.,Focus more on PYTHON as it is your weakest subject. Increase your weekly study time. Your attendance is good. Keep maintaining it. Spend more time completing and practicing assignments.,67.14049999999995,Average
ST0764,6,69,61,97,40,48,43,62,74,55.09,Needs Improvement,ml,maths,Improve attendance and give additional attention to maths.,Focus more on MATHS as it is your weakest subject. Increase your weekly study time. Improve your attendance.,57.340100000000064,Average
ST0765,17,68,58,82,56,84,52,79,91,76.09,Good,ml,python,Improve attendance and give additional attention to python.,Focus more on PYTHON as it is your weakest subject. Your study time is good. Maintain this consistency. Improve your attendance. Spend more time completing and practicing assignments. Overall performance is good. Focus on strengthening your weak areas.,76.05120000000004,Good
ST0766,15,84,73,80,80,85,84,98,53,73.2,Average,os,ml,Maintain your current performance and strengthen ml further.,Focus more on ML as it is your weakest subject. Your study time is good. Maintain this consistency.,73.67979999999991,Average
ST0767,17,92,53,78,69,81,81,53,87,80.67,Good,ml,os,Complete assignments regularly and practice more in os.,Focus more on OS as it is your weakest subject. Your study time is good. Maintain this consistency. Your attendance is good. Keep maintaining it. Spend more time completing and practicing assignments. Overall performance is good. Focus on strengthening your weak areas.,79.72280000000003,Good
ST0768,12,66,100,61,92,71,89,54,100,74.18,Average,ml,os,Improve attendance and give additional attention to os.,Focus more on OS as it is your weakest subject. Improve your attendance.,68.08960000000002,Average
ST0769,8,94,43,88,52,71,88,82,100,67.47,Average,ml,maths,Increase study time and focus more on maths.,Focus more on MATHS as it is your weakest subject. Increase your weekly study time. Your attendance is good. Keep maintaining it. Spend more time completing and practicing assignments.,67.24830000000001,Average
ST0770,13,92,87,56,60,45,59,72,70,65.65,Average,os,dbms,Maintain your current performance and strengthen dbms further.,Focus more on DBMS as it is your weakest subject. Your attendance is good. Keep maintaining it.,68.46619999999996,Average
ST0771,9,83,92,73,58,87,91,92,70,78.18,Good,os,maths,Increase study time and focus more on maths.,Focus more on MATHS as it is your weakest subject. Increase your weekly study time. Overall performance is good. Focus on strengthening your weak areas.,73.76650000000006,Average
ST0772,17,58,91,45,92,77,52,70,56,67.78,Average,maths,python,Improve attendance and give additional attention to python.,Focus more on PYTHON as it is your weakest subject. Your study time is good. Maintain this consistency. Improve your attendance.,69.09539999999996,Average
ST0773,13,75,85,85,58,56,56,74,99,69.09,Average,ml,dbms,Maintain your current performance and strengthen dbms further.,Focus more on DBMS as it is your weakest subject.,72.02640000000007,Average
ST0774,8,51,66,45,96,49,93,56,63,61.5,Average,maths,dbms,Improve attendance and give additional attention to dbms.,Focus more on DBMS as it is your weakest subject. Increase your weekly study time. Improve your attendance.,60.154199999999975,Average
ST0775,14,58,68,73,64,89,75,67,91,67.25,Average,ml,maths,Improve attendance and give additional attention to maths.,Focus more on MATHS as it is your weakest subject. Improve your attendance.,69.17370000000001,Average
ST0776,9,58,86,40,61,66,72,58,62,58.55,Needs Improvement,python,os,Improve attendance and give additional attention to os.,Focus more on OS as it is your weakest subject. Increase your weekly study time. Improve your attendance.,60.35830000000008,Average
ST0777,13,89,67,49,70,93,40,85,57,71.18,Average,dbms,python,Maintain your current performance and strengthen python further.,Focus more on PYTHON as it is your weakest subject. Your attendance is good. Keep maintaining it.,70.58840000000004,Average
ST0778,12,66,74,60,56,89,54,93,89,69.3,Average,os,python,Improve attendance and give additional attention to python.,Focus more on PYTHON as it is your weakest subject. Improve your attendance.,67.48170000000009,Average
ST0779,20,50,47,44,94,74,52,62,93,74.32,Average,maths,python,Improve attendance and give additional attention to python.,Focus more on PYTHON as it is your weakest subject. Your study time is good. Maintain this consistency. Improve your attendance. Spend more time completing and practicing assignments.,71.45269999999994,Average
ST0780,7,74,55,41,62,91,56,71,53,52.47,Needs Improvement,dbms,ml,Increase study time and focus more on ml.,Focus more on ML as it is your weakest subject. Increase your weekly study time. Spend more time completing and practicing assignments.,55.95539999999999,Average
ST0781,5,92,81,61,71,98,63,79,89,67.26,Average,dbms,python,Increase study time and focus more on python.,Focus more on PYTHON as it is your weakest subject. Increase your weekly study time. Your attendance is good. Keep maintaining it.,67.69620000000012,Average
ST0782,7,89,75,87,49,60,97,52,54,65.96,Average,python,maths,Increase study time and focus more on maths.,Focus more on MATHS as it is your weakest subject. Increase your weekly study time. Your attendance is good. Keep maintaining it.,66.1814,Average
ST0783,20,91,69,96,49,64,47,98,54,82.72,Good,os,python,Maintain your current performance and strengthen python further.,Focus more on PYTHON as it is your weakest subject. Your study time is good. Maintain this consistency. Your attendance is good. Keep maintaining it. Overall performance is good. Focus on strengthening your weak areas.,81.02490000000006,Good
ST0784,8,74,57,41,75,67,89,59,45,62.4,Average,python,ml,Increase study time and focus more on ml.,Focus more on ML as it is your weakest subject. Increase your weekly study time. Spend more time completing and practicing assignments.,61.00059999999995,Average
ST0785,6,88,41,49,47,86,66,74,66,56.72,Needs Improvement,dbms,maths,Increase study time and focus more on maths.,Focus more on MATHS as it is your weakest subject. Increase your weekly study time. Your attendance is good. Keep maintaining it. Spend more time completing and practicing assignments.,58.34130000000001,Average
ST0786,5,84,88,73,93,54,84,44,54,64.23,Average,maths,os,Increase study time and focus more on os.,Focus more on OS as it is your weakest subject. Increase your weekly study time.,64.9678999999999,Average
ST0787,11,52,52,55,91,43,62,48,89,52.23,Needs Improvement,maths,dbms,Improve attendance and give additional attention to dbms.,Focus more on DBMS as it is your weakest subject. Improve your attendance. Spend more time completing and practicing assignments.,54.89619999999995,Average
ST0788,20,99,43,87,59,68,85,68,75,79.65,Good,python,maths,Complete assignments regularly and practice more in maths.,Focus more on MATHS as it is your weakest subject. Your study time is good. Maintain this consistency. Your attendance is good. Keep maintaining it. Spend more time completing and practicing assignments. Overall performance is good. Focus on strengthening your weak areas.,76.396,Good
ST0789,12,86,65,90,71,98,47,45,94,70.4,Average,dbms,os,Maintain your current performance and strengthen os further.,Focus more on OS as it is your weakest subject. Your attendance is good. Keep maintaining it.,69.9564999999999,Average
ST0790,11,93,64,100,89,48,47,64,47,72.67,Average,maths,python,Maintain your current performance and strengthen python further.,Focus more on PYTHON as it is your weakest subject. Your attendance is good. Keep maintaining it.,70.09540000000004,Average
ST0791,18,93,69,78,53,66,98,70,54,76.23,Good,python,maths,Maintain your current performance and strengthen maths further.,Focus more on MATHS as it is your weakest subject. Your study time is good. Maintain this consistency. Your attendance is good. Keep maintaining it. Overall performance is good. Focus on strengthening your weak areas.,77.36299999999987,Good
ST0792,20,100,50,61,89,65,65,61,42,73.23,Average,maths,ml,Complete assignments regularly and practice more in ml.,Focus more on ML as it is your weakest subject. Your study time is good. Maintain this consistency. Your attendance is good. Keep maintaining it. Spend more time completing and practicing assignments.,73.09009999999988,Average
ST0793,9,79,46,51,67,58,86,41,86,53.22,Needs Improvement,python,os,Increase study time and focus more on os.,Focus more on OS as it is your weakest subject. Increase your weekly study time. Spend more time completing and practicing assignments.,56.32929999999997,Average
ST0794,16,87,70,63,85,95,98,84,52,70.73,Average,python,ml,Maintain your current performance and strengthen ml further.,Focus more on ML as it is your weakest subject. Your study time is good. Maintain this consistency. Your attendance is good. Keep maintaining it.,72.25679999999987,Average
ST0795,5,83,83,86,91,67,52,44,80,73.62,Average,maths,os,Increase study time and focus more on os.,Focus more on OS as it is your weakest subject. Increase your weekly study time.,73.03239999999997,Average
ST0796,11,61,49,79,92,56,78,99,73,67.73,Average,os,dbms,Improve attendance and give additional attention to dbms.,Focus more on DBMS as it is your weakest subject. Improve your attendance. Spend more time completing and practicing assignments.,67.00709999999988,Average
ST0797,17,68,78,77,63,82,76,66,63,76.57,Good,dbms,maths,Improve attendance and give additional attention to maths.,Focus more on MATHS as it is your weakest subject. Your study time is good. Maintain this consistency. Improve your attendance. Overall performance is good. Focus on strengthening your weak areas.,76.53809999999993,Good
ST0798,11,86,52,99,54,96,88,64,79,69.57,Average,dbms,maths,Complete assignments regularly and practice more in maths.,Focus more on MATHS as it is your weakest subject. Your attendance is good. Keep maintaining it. Spend more time completing and practicing assignments.,68.27039999999994,Average
ST0799,13,93,70,98,61,80,67,47,71,78.47,Good,dbms,os,Maintain your current performance and strengthen os further.,Focus more on OS as it is your weakest subject. Your attendance is good. Keep maintaining it. Overall performance is good. Focus on strengthening your weak areas.,77.37800000000006,Good
ST0800,7,98,46,49,69,81,64,94,100,67.29,Average,ml,python,Increase study time and focus more on python.,Focus more on PYTHON as it is your weakest subject. Increase your weekly study time. Your attendance is good. Keep maintaining it. Spend more time completing and practicing assignments.,65.56369999999997,Average
ST0801,13,66,95,74,43,89,100,40,71,69.05,Average,python,os,Improve attendance and give additional attention to os.,Focus more on OS as it is your weakest subject. Improve your attendance.,75.36919999999999,Good
ST0802,18,59,88,90,52,59,55,59,69,69.89,Average,ml,maths,Improve attendance and give additional attention to maths.,Focus more on MATHS as it is your weakest subject. Your study time is good. Maintain this consistency. Improve your attendance.,72.47620000000009,Average
ST0803,5,98,81,88,98,84,94,83,91,73.62,Average,maths,os,Increase study time and focus more on os.,Focus more on OS as it is your weakest subject. Increase your weekly study time. Your attendance is good. Keep maintaining it.,74.50070000000002,Average
ST0804,5,96,100,71,62,79,41,62,88,68.18,Average,ml,python,Increase study time and focus more on python.,Focus more on PYTHON as it is your weakest subject. Increase your weekly study time. Your attendance is good. Keep maintaining it.,68.46910000000007,Average
ST0805,18,61,81,46,47,78,93,71,52,70.74,Average,python,maths,Improve attendance and give additional attention to maths.,Focus more on MATHS as it is your weakest subject. Your study time is good. Maintain this consistency. Improve your attendance.,71.2037999999999,Average
ST0806,8,65,95,60,57,88,57,50,40,61.59,Average,dbms,ml,Improve attendance and give additional attention to ml.,Focus more on ML as it is your weakest subject. Increase your weekly study time. Improve your attendance.,62.12050000000005,Average
ST0807,20,73,75,59,51,92,56,78,73,80.74,Good,dbms,maths,Maintain your current performance and strengthen maths further.,Focus more on MATHS as it is your weakest subject. Your study time is good. Maintain this consistency. Overall performance is good. Focus on strengthening your weak areas.,77.66239999999992,Good
ST0808,13,68,59,65,94,62,69,86,54,64.49,Average,maths,ml,Improve attendance and give additional attention to ml.,Focus more on ML as it is your weakest subject. Improve your attendance. Spend more time completing and practicing assignments.,65.6147999999999,Average
ST0809,10,57,43,43,70,86,78,93,83,55.8,Needs Improvement,os,maths,Improve attendance and give additional attention to maths.,Focus more on MATHS as it is your weakest subject. Improve your attendance. Spend more time completing and practicing assignments.,57.78080000000007,Average
ST0810,17,80,93,85,53,71,52,63,53,76.14,Good,dbms,python,Maintain your current performance and strengthen python further.,Focus more on PYTHON as it is your weakest subject. Your study time is good. Maintain this consistency. Overall performance is good. Focus on strengthening your weak areas.,76.78300000000009,Good
ST0811,15,70,46,91,73,91,71,50,96,65.95,Average,ml,os,Complete assignments regularly and practice more in os.,Focus more on OS as it is your weakest subject. Your study time is good. Maintain this consistency. Spend more time completing and practicing assignments.,73.33010000000003,Average
ST0812,7,66,93,61,57,86,89,68,68,68.54,Average,python,maths,Improve attendance and give additional attention to maths.,Focus more on MATHS as it is your weakest subject. Increase your weekly study time. Improve your attendance.,67.3678,Average
ST0813,5,72,40,54,95,72,68,93,73,58.36,Needs Improvement,maths,python,Increase study time and focus more on python.,Focus more on PYTHON as it is your weakest subject. Increase your weekly study time. Spend more time completing and practicing assignments.,58.58059999999997,Average
ST0814,8,86,83,95,73,96,85,65,57,72.57,Average,dbms,ml,Increase study time and focus more on ml.,Focus more on ML as it is your weakest subject. Increase your weekly study time. Your attendance is good. Keep maintaining it.,72.32549999999995,Average
ST0815,16,65,95,79,50,85,69,55,93,74.92,Average,ml,maths,Improve attendance and give additional attention to maths.,Focus more on MATHS as it is your weakest subject. Your study time is good. Maintain this consistency. Improve your attendance.,75.13790000000003,Good
ST0816,17,55,84,60,80,44,57,74,46,71.56,Average,maths,dbms,Improve attendance and give additional attention to dbms.,Focus more on DBMS as it is your weakest subject. Your study time is good. Maintain this consistency. Improve your attendance.,70.65510000000008,Average
ST0817,13,57,81,54,51,82,52,59,68,67.15,Average,dbms,maths,Improve attendance and give additional attention to maths.,Focus more on MATHS as it is your weakest subject. Improve your attendance.,66.38600000000001,Average
ST0818,7,74,86,61,88,87,82,85,94,69.68,Average,ml,python,Increase study time and focus more on python.,Focus more on PYTHON as it is your weakest subject. Increase your weekly study time.,69.20120000000009,Average
ST0819,16,67,98,91,54,73,60,42,70,77.7,Good,dbms,os,Improve attendance and give additional attention to os.,Focus more on OS as it is your weakest subject. Your study time is good. Maintain this consistency. Improve your attendance. Overall performance is good. Focus on strengthening your weak areas.,76.74639999999994,Good
ST0820,13,74,52,67,96,79,69,40,100,72.28,Average,ml,os,Complete assignments regularly and practice more in os.,Focus more on OS as it is your weakest subject. Spend more time completing and practicing assignments.,71.60569999999996,Average
ST0821,11,61,94,53,70,50,60,97,64,67.41,Average,os,dbms,Improve attendance and give additional attention to dbms.,Focus more on DBMS as it is your weakest subject. Improve your attendance.,64.88350000000001,Average
ST0822,16,64,61,66,88,100,87,92,77,74.91,Average,dbms,ml,Improve attendance and give additional attention to ml.,Focus more on ML as it is your weakest subject. Your study time is good. Maintain this consistency. Improve your attendance.,73.65569999999994,Average
ST0823,18,75,93,100,97,89,94,86,53,89.05,Good,maths,ml,Maintain your current performance and strengthen ml further.,Focus more on ML as it is your weakest subject. Your study time is good. Maintain this consistency. Overall performance is good. Focus on strengthening your weak areas.,81.43929999999996,Good
ST0824,19,90,60,80,68,42,56,40,47,67.05,Average,maths,os,Maintain your current performance and strengthen os further.,Focus more on OS as it is your weakest subject. Your study time is good. Maintain this consistency. Your attendance is good. Keep maintaining it.,74.6673,Average
ST0825,20,94,61,79,65,97,79,56,66,80.79,Good,dbms,os,Maintain your current performance and strengthen os further.,Focus more on OS as it is your weakest subject. Your study time is good. Maintain this consistency. Your attendance is good. Keep maintaining it. Overall performance is good. Focus on strengthening your weak areas.,79.53079999999999,Good
ST0826,8,75,67,97,57,72,58,41,93,65.39,Average,ml,os,Increase study time and focus more on os.,Focus more on OS as it is your weakest subject. Increase your weekly study time.,65.1621000000001,Average
ST0827,7,96,48,67,71,50,91,68,41,59.56,Needs Improvement,python,ml,Increase study time and focus more on ml.,Focus more on ML as it is your weakest subject. Increase your weekly study time. Your attendance is good. Keep maintaining it. Spend more time completing and practicing assignments.,61.808200000000014,Average
ST0828,14,81,65,65,61,55,54,59,56,58.69,Needs Improvement,maths,python,Maintain your current performance and strengthen python further.,Focus more on PYTHON as it is your weakest subject.,61.4225999999999,Average
ST0829,19,59,48,88,77,57,48,45,76,65.35,Average,maths,os,Improve attendance and give additional attention to os.,Focus more on OS as it is your weakest subject. Your study time is good. Maintain this consistency. Improve your attendance. Spend more time completing and practicing assignments.,67.78350000000006,Average
ST0830,20,65,54,41,56,69,91,47,53,64.18,Average,python,os,Improve attendance and give additional attention to os.,Focus more on OS as it is your weakest subject. Your study time is good. Maintain this consistency. Improve your attendance. Spend more time completing and practicing assignments.,66.42269999999999,Average
ST0831,9,56,49,64,62,87,49,68,64,61.03,Average,dbms,python,Improve attendance and give additional attention to python.,Focus more on PYTHON as it is your weakest subject. Increase your weekly study time. Improve your attendance. Spend more time completing and practicing assignments.,60.07480000000001,Average
ST0832,9,66,63,95,63,94,83,87,95,73.28,Average,ml,maths,Improve attendance and give additional attention to maths.,Focus more on MATHS as it is your weakest subject. Increase your weekly study time. Improve your attendance.,70.65929999999997,Average
ST0833,7,72,97,42,89,49,70,90,69,68.1,Average,os,dbms,Increase study time and focus more on dbms.,Focus more on DBMS as it is your weakest subject. Increase your weekly study time.,66.98990000000006,Average
ST0834,16,75,96,47,47,57,92,72,68,77.19,Good,python,maths,Maintain your current performance and strengthen maths further.,Focus more on MATHS as it is your weakest subject. Your study time is good. Maintain this consistency. Overall performance is good. Focus on strengthening your weak areas.,75.1325999999999,Good
ST0835,13,70,100,83,80,77,62,42,59,74.67,Average,maths,os,Maintain your current performance and strengthen os further.,Focus more on OS as it is your weakest subject.,75.25830000000002,Good
ST0836,8,71,81,72,45,58,91,99,60,66.87,Average,os,maths,Increase study time and focus more on maths.,Focus more on MATHS as it is your weakest subject. Increase your weekly study time.,68.28729999999995,Average
ST0837,15,56,47,81,44,75,69,74,100,64.05,Average,ml,maths,Improve attendance and give additional attention to maths.,Focus more on MATHS as it is your weakest subject. Your study time is good. Maintain this consistency. Improve your attendance. Spend more time completing and practicing assignments.,66.39650000000009,Average
ST0838,9,63,63,91,83,98,72,44,92,76.73,Good,dbms,os,Improve attendance and give additional attention to os.,Focus more on OS as it is your weakest subject. Increase your weekly study time. Improve your attendance. Overall performance is good. Focus on strengthening your weak areas.,67.28759999999998,Average
ST0839,8,64,55,74,96,52,96,66,61,57.25,Needs Improvement,maths,dbms,Improve attendance and give additional attention to dbms.,Focus more on DBMS as it is your weakest subject. Increase your weekly study time. Improve your attendance. Spend more time completing and practicing assignments.,59.1315,Average
ST0840,9,56,88,45,68,95,91,83,74,66.59,Average,dbms,maths,Improve attendance and give additional attention to maths.,Focus more on MATHS as it is your weakest subject. Increase your weekly study time. Improve your attendance.,65.40640000000005,Average
ST0841,11,58,65,78,67,85,48,51,76,67.37,Average,dbms,python,Improve attendance and give additional attention to python.,Focus more on PYTHON as it is your weakest subject. Improve your attendance.,66.20259999999993,Average
ST0842,20,100,66,91,50,42,93,59,55,82.87,Good,python,dbms,Maintain your current performance and strengthen dbms further.,Focus more on DBMS as it is your weakest subject. Your study time is good. Maintain this consistency. Your attendance is good. Keep maintaining it. Overall performance is good. Focus on strengthening your weak areas.,80.69429999999991,Good
ST0843,13,97,76,62,96,49,86,84,89,71.91,Average,maths,dbms,Maintain your current performance and strengthen dbms further.,Focus more on DBMS as it is your weakest subject. Your attendance is good. Keep maintaining it.,72.51429999999992,Average
ST0844,11,57,43,64,40,77,40,59,97,55.83,Needs Improvement,ml,maths,Improve attendance and give additional attention to maths.,Focus more on MATHS as it is your weakest subject. Improve your attendance. Spend more time completing and practicing assignments.,58.40799999999999,Average
ST0845,17,99,89,98,82,40,83,48,88,80.57,Good,ml,dbms,Maintain your current performance and strengthen dbms further.,Focus more on DBMS as it is your weakest subject. Your study time is good. Maintain this consistency. Your attendance is good. Keep maintaining it. Overall performance is good. Focus on strengthening your weak areas.,79.74889999999994,Good
ST0846,9,72,63,89,58,94,74,78,82,61.7,Average,dbms,maths,Increase study time and focus more on maths.,Focus more on MATHS as it is your weakest subject. Increase your weekly study time.,66.6395,Average
ST0847,14,78,58,82,48,95,50,43,56,67.66,Average,dbms,os,Complete assignments regularly and practice more in os.,Focus more on OS as it is your weakest subject. Spend more time completing and practicing assignments.,69.20349999999993,Average
ST0848,14,67,75,58,66,66,73,90,55,65.63,Average,os,ml,Improve attendance and give additional attention to ml.,Focus more on ML as it is your weakest subject. Improve your attendance.,67.70860000000005,Average
ST0849,11,80,99,44,73,85,55,93,97,78.68,Good,ml,python,Maintain your current performance and strengthen python further.,Focus more on PYTHON as it is your weakest subject. Overall performance is good. Focus on strengthening your weak areas.,74.19620000000006,Average
ST0850,18,79,78,90,83,47,48,58,94,80.61,Good,ml,dbms,Maintain your current performance and strengthen dbms further.,Focus more on DBMS as it is your weakest subject. Your study time is good. Maintain this consistency. Overall performance is good. Focus on strengthening your weak areas.,78.90810000000005,Good
ST0851,19,88,49,50,43,90,71,77,41,69.76,Average,dbms,ml,Complete assignments regularly and practice more in ml.,Focus more on ML as it is your weakest subject. Your study time is good. Maintain this consistency. Your attendance is good. Keep maintaining it. Spend more time completing and practicing assignments.,70.0905000000001,Average
ST0852,14,84,64,95,75,85,54,66,43,71.17,Average,dbms,ml,Maintain your current performance and strengthen ml further.,Focus more on ML as it is your weakest subject.,72.82750000000003,Average
ST0853,9,67,57,51,57,81,51,84,60,59.02,Needs Improvement,os,python,Improve attendance and give additional attention to python.,Focus more on PYTHON as it is your weakest subject. Increase your weekly study time. Improve your attendance. Spend more time completing and practicing assignments.,58.66390000000008,Average
ST0854,7,91,58,49,54,56,72,82,78,59.62,Needs Improvement,os,maths,Increase study time and focus more on maths.,Focus more on MATHS as it is your weakest subject. Increase your weekly study time. Your attendance is good. Keep maintaining it. Spend more time completing and practicing assignments.,60.82489999999995,Average
ST0855,11,88,75,47,90,48,84,52,73,67.07,Average,maths,dbms,Maintain your current performance and strengthen dbms further.,Focus more on DBMS as it is your weakest subject. Your attendance is good. Keep maintaining it.,66.22499999999995,Average
ST0856,17,66,49,63,52,100,53,52,69,74.13,Average,dbms,maths,Improve attendance and give additional attention to maths.,Focus more on MATHS as it is your weakest subject. Your study time is good. Maintain this consistency. Improve your attendance. Spend more time completing and practicing assignments.,70.89650000000005,Average
ST0857,15,63,72,99,58,45,96,99,45,69.85,Average,os,dbms,Improve attendance and give additional attention to dbms.,Focus more on DBMS as it is your weakest subject. Your study time is good. Maintain this consistency. Improve your attendance.,71.50960000000005,Average
ST0858,15,80,94,67,88,82,96,96,56,79.74,Good,python,ml,Maintain your current performance and strengthen ml further.,Focus more on ML as it is your weakest subject. Your study time is good. Maintain this consistency. Overall performance is good. Focus on strengthening your weak areas.,79.3215999999999,Good
ST0859,6,73,89,80,45,64,47,61,78,65.78,Average,ml,maths,Increase study time and focus more on maths.,Focus more on MATHS as it is your weakest subject. Increase your weekly study time.,66.59349999999996,Average
ST0860,19,84,44,75,87,78,47,67,64,71.86,Average,maths,python,Complete assignments regularly and practice more in python.,Focus more on PYTHON as it is your weakest subject. Your study time is good. Maintain this consistency. Spend more time completing and practicing assignments.,74.70500000000001,Average
ST0861,16,93,86,76,95,88,66,91,44,87.45,Good,maths,ml,Maintain your current performance and strengthen ml further.,Focus more on ML as it is your weakest subject. Your study time is good. Maintain this consistency. Your attendance is good. Keep maintaining it. Overall performance is good. Focus on strengthening your weak areas.,83.84659999999992,Good
ST0862,13,94,88,60,51,99,51,86,44,75.18,Good,dbms,ml,Maintain your current performance and strengthen ml further.,Focus more on ML as it is your weakest subject. Your attendance is good. Keep maintaining it. Overall performance is good. Focus on strengthening your weak areas.,74.52670000000008,Average
ST0863,14,83,74,47,90,67,40,92,59,66.08,Average,os,python,Maintain your current performance and strengthen python further.,Focus more on PYTHON as it is your weakest subject.,69.17169999999999,Average
ST0864,14,52,83,94,76,72,82,84,55,75.0,Good,os,ml,Improve attendance and give additional attention to ml.,Focus more on ML as it is your weakest subject. Improve your attendance. Overall performance is good. Focus on strengthening your weak areas.,74.96859999999998,Average
ST0865,16,86,73,48,56,93,79,61,90,70.76,Average,dbms,maths,Maintain your current performance and strengthen maths further.,Focus more on MATHS as it is your weakest subject. Your study time is good. Maintain this consistency. Your attendance is good. Keep maintaining it.,71.48310000000014,Average
ST0866,5,92,72,86,97,76,81,82,80,68.43,Average,maths,dbms,Increase study time and focus more on dbms.,Focus more on DBMS as it is your weakest subject. Increase your weekly study time. Your attendance is good. Keep maintaining it.,72.73830000000001,Average
ST0867,17,89,94,54,62,48,90,58,76,75.37,Good,python,dbms,Maintain your current performance and strengthen dbms further.,Focus more on DBMS as it is your weakest subject. Your study time is good. Maintain this consistency. Your attendance is good. Keep maintaining it. Overall performance is good. Focus on strengthening your weak areas.,75.4854,Good
ST0868,10,75,60,87,65,57,50,47,79,69.22,Average,ml,os,Maintain your current performance and strengthen os further.,Focus more on OS as it is your weakest subject.,65.18260000000002,Average
ST0869,11,72,56,85,68,95,78,91,48,72.53,Average,dbms,ml,Complete assignments regularly and practice more in ml.,Focus more on ML as it is your weakest subject. Spend more time completing and practicing assignments.,70.55929999999995,Average
ST0870,18,93,61,79,72,98,82,47,44,76.87,Good,dbms,ml,Maintain your current performance and strengthen ml further.,Focus more on ML as it is your weakest subject. Your study time is good. Maintain this consistency. Your attendance is good. Keep maintaining it. Overall performance is good. Focus on strengthening your weak areas.,77.16659999999995,Good
ST0871,17,88,87,57,99,60,70,81,81,82.29,Good,maths,dbms,Maintain your current performance and strengthen dbms further.,Focus more on DBMS as it is your weakest subject. Your study time is good. Maintain this consistency. Your attendance is good. Keep maintaining it. Overall performance is good. Focus on strengthening your weak areas.,80.27559999999998,Good
ST0872,12,64,76,81,66,41,56,65,96,68.9,Average,ml,dbms,Improve attendance and give additional attention to dbms.,Focus more on DBMS as it is your weakest subject. Improve your attendance.,68.87619999999997,Average
ST0873,14,98,54,99,64,100,72,87,41,72.45,Average,dbms,ml,Complete assignments regularly and practice more in ml.,Focus more on ML as it is your weakest subject. Your attendance is good. Keep maintaining it. Spend more time completing and practicing assignments.,73.61199999999991,Average
ST0874,13,53,74,59,95,97,71,90,48,68.39,Average,dbms,ml,Improve attendance and give additional attention to ml.,Focus more on ML as it is your weakest subject. Improve your attendance.,68.48430000000005,Average
ST0875,6,78,67,45,94,82,97,65,82,63.61,Average,python,os,Increase study time and focus more on os.,Focus more on OS as it is your weakest subject. Increase your weekly study time.,63.690499999999936,Average
ST0876,15,71,46,51,49,98,68,62,75,67.89,Average,dbms,maths,Complete assignments regularly and practice more in maths.,Focus more on MATHS as it is your weakest subject. Your study time is good. Maintain this consistency. Spend more time completing and practicing assignments.,68.73710000000007,Average
ST0877,14,74,71,41,86,99,60,82,61,66.79,Average,dbms,python,Maintain your current performance and strengthen python further.,Focus more on PYTHON as it is your weakest subject.,68.21569999999998,Average
ST0878,6,62,50,46,62,77,60,52,61,47.89,Needs Improvement,dbms,os,Focus strongly on os and improve overall study consistency.,Focus more on OS as it is your weakest subject. Increase your weekly study time. Improve your attendance. Spend more time completing and practicing assignments. Overall performance needs improvement. Follow a consistent study plan.,50.88570000000002,Average
ST0879,9,67,49,55,60,97,79,67,61,59.95,Needs Improvement,dbms,maths,Improve attendance and give additional attention to maths.,Focus more on MATHS as it is your weakest subject. Increase your weekly study time. Improve your attendance. Spend more time completing and practicing assignments.,59.90819999999994,Average
ST0880,17,82,48,42,60,79,62,48,73,62.76,Average,dbms,os,Complete assignments regularly and practice more in os.,Focus more on OS as it is your weakest subject. Your study time is good. Maintain this consistency. Spend more time completing and practicing assignments.,66.77579999999998,Average
ST0881,9,65,53,84,82,75,95,59,94,66.36,Average,python,os,Improve attendance and give additional attention to os.,Focus more on OS as it is your weakest subject. Increase your weekly study time. Improve your attendance. Spend more time completing and practicing assignments.,67.00379999999991,Average
ST0882,10,94,52,42,52,89,45,95,68,62.31,Average,os,python,Complete assignments regularly and practice more in python.,Focus more on PYTHON as it is your weakest subject. Your attendance is good. Keep maintaining it. Spend more time completing and practicing assignments.,62.28190000000008,Average
ST0883,7,91,100,66,76,99,61,58,77,69.99,Average,dbms,os,Increase study time and focus more on os.,Focus more on OS as it is your weakest subject. Increase your weekly study time. Your attendance is good. Keep maintaining it.,69.95109999999993,Average
ST0884,12,93,96,89,72,82,89,87,98,87.51,Good,ml,maths,Maintain your current performance and strengthen maths further.,Focus more on MATHS as it is your weakest subject. Your attendance is good. Keep maintaining it. Overall performance is good. Focus on strengthening your weak areas.,76.89290000000001,Good
ST0885,20,51,64,82,63,76,77,78,85,81.74,Good,ml,maths,Improve attendance and give additional attention to maths.,Focus more on MATHS as it is your weakest subject. Your study time is good. Maintain this consistency. Improve your attendance. Overall performance is good. Focus on strengthening your weak areas.,76.0416,Good
ST0886,17,84,41,79,83,54,76,90,72,77.3,Good,os,dbms,Complete assignments regularly and practice more in dbms.,Focus more on DBMS as it is your weakest subject. Your study time is good. Maintain this consistency. Spend more time completing and practicing assignments. Overall performance is good. Focus on strengthening your weak areas.,76.54530000000007,Good
ST0887,5,91,74,77,50,67,84,51,57,55.85,Needs Improvement,python,maths,Increase study time and focus more on maths.,Focus more on MATHS as it is your weakest subject. Increase your weekly study time. Your attendance is good. Keep maintaining it.,59.83920000000005,Average
ST0888,10,83,46,72,56,57,90,54,46,58.79,Needs Improvement,python,ml,Complete assignments regularly and practice more in ml.,Focus more on ML as it is your weakest subject. Spend more time completing and practicing assignments.,59.33439999999999,Average
ST0889,8,79,60,67,43,73,93,70,40,60.52,Average,python,ml,Increase study time and focus more on ml.,Focus more on ML as it is your weakest subject. Increase your weekly study time.,60.969400000000086,Average
ST0890,5,62,57,40,86,61,47,94,72,46.66,Needs Improvement,os,python,Focus strongly on python and improve overall study consistency.,Focus more on PYTHON as it is your weakest subject. Increase your weekly study time. Improve your attendance. Spend more time completing and practicing assignments. Overall performance needs improvement. Follow a consistent study plan.,49.72449999999995,Needs Improvement
ST0891,19,62,42,94,64,50,80,53,40,65.29,Average,python,ml,Improve attendance and give additional attention to ml.,Focus more on ML as it is your weakest subject. Your study time is good. Maintain this consistency. Improve your attendance. Spend more time completing and practicing assignments.,67.82059999999998,Average
ST0892,11,67,81,47,69,97,88,50,63,65.17,Average,dbms,os,Improve attendance and give additional attention to os.,Focus more on OS as it is your weakest subject. Improve your attendance.,65.10880000000004,Average
ST0893,13,81,93,76,48,96,74,65,43,71.52,Average,dbms,ml,Maintain your current performance and strengthen ml further.,Focus more on ML as it is your weakest subject.,76.80899999999993,Good
ST0894,17,81,100,71,60,52,90,81,43,77.65,Good,python,ml,Maintain your current performance and strengthen ml further.,Focus more on ML as it is your weakest subject. Your study time is good. Maintain this consistency. Overall performance is good. Focus on strengthening your weak areas.,76.66770000000001,Good
ST0895,8,84,78,99,59,43,50,66,100,63.89,Average,ml,dbms,Increase study time and focus more on dbms.,Focus more on DBMS as it is your weakest subject. Increase your weekly study time.,66.11380000000005,Average
ST0896,8,88,80,87,58,61,63,50,57,64.64,Average,python,os,Increase study time and focus more on os.,Focus more on OS as it is your weakest subject. Increase your weekly study time. Your attendance is good. Keep maintaining it.,66.05490000000007,Average
ST0897,10,95,88,82,58,46,88,77,66,73.81,Average,python,dbms,Maintain your current performance and strengthen dbms further.,Focus more on DBMS as it is your weakest subject. Your attendance is good. Keep maintaining it.,72.91030000000009,Average
ST0898,16,78,50,76,51,100,60,73,82,72.26,Average,dbms,maths,Complete assignments regularly and practice more in maths.,Focus more on MATHS as it is your weakest subject. Your study time is good. Maintain this consistency. Spend more time completing and practicing assignments.,72.20610000000012,Average
ST0899,19,98,78,43,76,82,90,82,98,83.6,Good,ml,maths,Maintain your current performance and strengthen maths further.,Focus more on MATHS as it is your weakest subject. Your study time is good. Maintain this consistency. Your attendance is good. Keep maintaining it. Overall performance is good. Focus on strengthening your weak areas.,81.26390000000013,Good
ST0900,7,78,63,69,81,93,41,58,71,64.13,Average,dbms,python,Increase study time and focus more on python.,Focus more on PYTHON as it is your weakest subject. Increase your weekly study time.,60.95480000000004,Average
ST0901,17,93,99,45,56,63,79,45,72,72.97,Average,python,os,Maintain your current performance and strengthen os further.,Focus more on OS as it is your weakest subject. Your study time is good. Maintain this consistency. Your attendance is good. Keep maintaining it.,74.15750000000007,Average
ST0902,16,65,85,85,76,43,58,85,67,74.76,Average,os,dbms,Improve attendance and give additional attention to dbms.,Focus more on DBMS as it is your weakest subject. Your study time is good. Maintain this consistency. Improve your attendance.,75.4328,Good
ST0903,10,93,58,93,93,67,78,91,81,72.1,Average,maths,dbms,Complete assignments regularly and practice more in dbms.,Focus more on DBMS as it is your weakest subject. Your attendance is good. Keep maintaining it. Spend more time completing and practicing assignments.,71.14450000000002,Average
ST0904,11,96,43,58,87,54,67,77,80,65.02,Average,maths,dbms,Complete assignments regularly and practice more in dbms.,Focus more on DBMS as it is your weakest subject. Your attendance is good. Keep maintaining it. Spend more time completing and practicing assignments.,65.1355000000001,Average
ST0905,15,59,65,71,78,40,98,88,94,67.89,Average,python,dbms,Improve attendance and give additional attention to dbms.,Focus more on DBMS as it is your weakest subject. Your study time is good. Maintain this consistency. Improve your attendance.,69.36440000000007,Average
ST0906,14,79,77,48,67,94,56,81,75,74.97,Average,dbms,python,Maintain your current performance and strengthen python further.,Focus more on PYTHON as it is your weakest subject.,74.06770000000002,Average
ST0907,14,74,81,51,80,42,45,67,99,67.12,Average,ml,dbms,Maintain your current performance and strengthen dbms further.,Focus more on DBMS as it is your weakest subject.,68.14609999999993,Average
ST0908,7,88,71,50,74,53,58,40,45,61.51,Average,maths,os,Increase study time and focus more on os.,Focus more on OS as it is your weakest subject. Increase your weekly study time. Your attendance is good. Keep maintaining it.,60.691300000000055,Average
ST0909,11,69,78,85,86,77,95,74,55,74.14,Average,python,ml,Improve attendance and give additional attention to ml.,Focus more on ML as it is your weakest subject. Improve your attendance.,73.46380000000009,Average
ST0910,18,54,84,94,87,89,77,79,73,77.61,Good,dbms,ml,Improve attendance and give additional attention to ml.,Focus more on ML as it is your weakest subject. Your study time is good. Maintain this consistency. Improve your attendance. Overall performance is good. Focus on strengthening your weak areas.,77.48089999999992,Good
ST0911,7,50,85,55,57,96,67,47,62,59.53,Needs Improvement,dbms,os,Improve attendance and give additional attention to os.,Focus more on OS as it is your weakest subject. Increase your weekly study time. Improve your attendance.,61.69999999999998,Average
ST0912,17,79,75,40,53,40,41,98,89,71.81,Average,os,dbms,Maintain your current performance and strengthen dbms further.,Focus more on DBMS as it is your weakest subject. Your study time is good. Maintain this consistency.,72.43140000000008,Average
ST0913,17,98,79,84,74,77,77,91,81,83.84,Good,os,maths,Maintain your current performance and strengthen maths further.,Focus more on MATHS as it is your weakest subject. Your study time is good. Maintain this consistency. Your attendance is good. Keep maintaining it. Overall performance is good. Focus on strengthening your weak areas.,82.68380000000008,Good
ST0914,6,52,76,94,83,77,94,93,63,68.3,Average,python,ml,Improve attendance and give additional attention to ml.,Focus more on ML as it is your weakest subject. Increase your weekly study time. Improve your attendance.,68.65190000000007,Average
ST0915,16,94,72,92,80,60,76,86,95,80.28,Good,ml,dbms,Maintain your current performance and strengthen dbms further.,Focus more on DBMS as it is your weakest subject. Your study time is good. Maintain this consistency. Your attendance is good. Keep maintaining it. Overall performance is good. Focus on strengthening your weak areas.,77.30610000000001,Good
ST0916,18,63,75,60,99,87,90,95,88,79.93,Good,maths,dbms,Improve attendance and give additional attention to dbms.,Focus more on DBMS as it is your weakest subject. Your study time is good. Maintain this consistency. Improve your attendance. Overall performance is good. Focus on strengthening your weak areas.,78.31260000000007,Good
ST0917,14,79,42,69,46,68,91,46,52,64.66,Average,python,maths,Complete assignments regularly and practice more in maths.,Focus more on MATHS as it is your weakest subject. Spend more time completing and practicing assignments.,65.92749999999992,Average
ST0918,8,99,48,52,80,44,43,50,95,57.37,Needs Improvement,ml,python,Increase study time and focus more on python.,Focus more on PYTHON as it is your weakest subject. Increase your weekly study time. Your attendance is good. Keep maintaining it. Spend more time completing and practicing assignments.,59.161100000000005,Average
ST0919,16,53,47,73,52,88,61,78,57,61.15,Average,dbms,maths,Improve attendance and give additional attention to maths.,Focus more on MATHS as it is your weakest subject. Your study time is good. Maintain this consistency. Improve your attendance. Spend more time completing and practicing assignments.,63.57319999999992,Average
ST0920,12,67,72,43,57,49,65,100,93,69.93,Average,os,dbms,Improve attendance and give additional attention to dbms.,Focus more on DBMS as it is your weakest subject. Improve your attendance.,67.73230000000004,Average
ST0921,17,86,98,67,76,67,88,43,52,79.89,Good,python,os,Maintain your current performance and strengthen os further.,Focus more on OS as it is your weakest subject. Your study time is good. Maintain this consistency. Your attendance is good. Keep maintaining it. Overall performance is good. Focus on strengthening your weak areas.,77.95900000000007,Good
ST0922,19,74,45,77,52,60,82,64,88,70.43,Average,ml,maths,Complete assignments regularly and practice more in maths.,Focus more on MATHS as it is your weakest subject. Your study time is good. Maintain this consistency. Spend more time completing and practicing assignments.,72.27010000000007,Average
ST0923,13,97,80,97,75,89,75,51,76,80.6,Good,dbms,os,Maintain your current performance and strengthen os further.,Focus more on OS as it is your weakest subject. Your attendance is good. Keep maintaining it. Overall performance is good. Focus on strengthening your weak areas.,79.92290000000008,Good
ST0924,11,50,78,70,70,46,97,65,82,59.99,Needs Improvement,python,dbms,Improve attendance and give additional attention to dbms.,Focus more on DBMS as it is your weakest subject. Improve your attendance.,62.803099999999894,Average
ST0925,5,95,43,98,41,42,52,77,78,52.79,Needs Improvement,ml,maths,Increase study time and focus more on maths.,Focus more on MATHS as it is your weakest subject. Increase your weekly study time. Your attendance is good. Keep maintaining it. Spend more time completing and practicing assignments.,62.93970000000003,Average
ST0926,7,64,52,94,55,84,91,85,100,71.89,Average,ml,maths,Improve attendance and give additional attention to maths.,Focus more on MATHS as it is your weakest subject. Increase your weekly study time. Improve your attendance. Spend more time completing and practicing assignments.,69.34490000000005,Average
ST0927,17,58,88,66,48,86,97,51,81,75.13,Good,python,maths,Improve attendance and give additional attention to maths.,Focus more on MATHS as it is your weakest subject. Your study time is good. Maintain this consistency. Improve your attendance. Overall performance is good. Focus on strengthening your weak areas.,74.80120000000002,Average
ST0928,16,64,99,44,48,59,71,82,56,68.98,Average,os,maths,Improve attendance and give additional attention to maths.,Focus more on MATHS as it is your weakest subject. Your study time is good. Maintain this consistency. Improve your attendance.,70.51269999999991,Average
ST0929,18,98,41,64,77,58,56,90,54,72.83,Average,os,ml,Complete assignments regularly and practice more in ml.,Focus more on ML as it is your weakest subject. Your study time is good. Maintain this consistency. Your attendance is good. Keep maintaining it. Spend more time completing and practicing assignments.,72.43669999999996,Average
ST0930,13,73,99,42,50,74,80,92,57,82.71,Good,os,maths,Maintain your current performance and strengthen maths further.,Focus more on MATHS as it is your weakest subject. Overall performance is good. Focus on strengthening your weak areas.,79.04539999999999,Good
ST0931,19,53,44,72,93,43,75,76,62,72.26,Average,maths,dbms,Improve attendance and give additional attention to dbms.,Focus more on DBMS as it is your weakest subject. Your study time is good. Maintain this consistency. Improve your attendance. Spend more time completing and practicing assignments.,71.76510000000007,Average
ST0932,16,61,83,43,95,44,94,85,93,68.64,Average,maths,dbms,Improve attendance and give additional attention to dbms.,Focus more on DBMS as it is your weakest subject. Your study time is good. Maintain this consistency. Improve your attendance.,69.55060000000007,Average
ST0933,5,86,66,64,61,40,99,92,90,57.42,Needs Improvement,python,dbms,Increase study time and focus more on dbms.,Focus more on DBMS as it is your weakest subject. Increase your weekly study time. Your attendance is good. Keep maintaining it.,59.61890000000003,Average
ST0934,13,86,71,59,72,43,85,63,69,72.86,Average,python,dbms,Maintain your current performance and strengthen dbms further.,Focus more on DBMS as it is your weakest subject. Your attendance is good. Keep maintaining it.,71.87199999999991,Average
ST0935,12,92,60,73,75,51,58,55,97,72.69,Average,ml,dbms,Maintain your current performance and strengthen dbms further.,Focus more on DBMS as it is your weakest subject. Your attendance is good. Keep maintaining it.,68.99379999999992,Average
ST0936,5,55,47,65,84,99,97,96,73,63.78,Average,dbms,ml,Improve attendance and give additional attention to ml.,Focus more on ML as it is your weakest subject. Increase your weekly study time. Improve your attendance. Spend more time completing and practicing assignments.,63.642999999999994,Average
ST0937,10,88,77,44,62,66,99,52,97,64.42,Average,python,os,Maintain your current performance and strengthen os further.,Focus more on OS as it is your weakest subject. Your attendance is good. Keep maintaining it.,67.53260000000002,Average
ST0938,9,95,47,74,84,95,74,64,43,68.05,Average,dbms,ml,Increase study time and focus more on ml.,Focus more on ML as it is your weakest subject. Increase your weekly study time. Your attendance is good. Keep maintaining it. Spend more time completing and practicing assignments.,66.67300000000007,Average
ST0939,10,73,89,100,84,81,85,100,42,73.85,Average,os,ml,Maintain your current performance and strengthen ml further.,Focus more on ML as it is your weakest subject.,74.56530000000005,Average
ST0940,14,60,42,67,73,62,79,93,46,66.71,Average,os,ml,Improve attendance and give additional attention to ml.,Focus more on ML as it is your weakest subject. Improve your attendance. Spend more time completing and practicing assignments.,66.26580000000001,Average
ST0941,16,62,93,68,48,64,95,93,95,81.03,Good,python,maths,Improve attendance and give additional attention to maths.,Focus more on MATHS as it is your weakest subject. Your study time is good. Maintain this consistency. Improve your attendance. Overall performance is good. Focus on strengthening your weak areas.,77.93449999999996,Good
ST0942,17,83,83,48,63,60,98,96,57,73.11,Average,python,ml,Maintain your current performance and strengthen ml further.,Focus more on ML as it is your weakest subject. Your study time is good. Maintain this consistency.,76.55890000000004,Good
ST0943,20,74,100,91,47,100,67,91,81,91.3,Excellent,dbms,maths,Maintain your current performance and strengthen maths further.,Focus more on MATHS as it is your weakest subject. Your study time is good. Maintain this consistency. Overall performance is good. Focus on strengthening your weak areas.,81.58860000000006,Good
ST0944,17,56,97,77,46,97,40,93,46,74.5,Average,dbms,python,Improve attendance and give additional attention to python.,Focus more on PYTHON as it is your weakest subject. Your study time is good. Maintain this consistency. Improve your attendance.,75.31020000000002,Good
ST0945,17,53,42,89,75,91,81,43,79,72.4,Average,dbms,os,Improve attendance and give additional attention to os.,Focus more on OS as it is your weakest subject. Your study time is good. Maintain this consistency. Improve your attendance. Spend more time completing and practicing assignments.,72.38499999999996,Average
ST0946,19,57,61,45,57,63,57,50,45,57.25,Needs Improvement,dbms,ml,Improve attendance and give additional attention to ml.,Focus more on ML as it is your weakest subject. Your study time is good. Maintain this consistency. Improve your attendance.,58.55479999999999,Average
ST0947,9,69,45,58,42,64,87,71,61,58.48,Needs Improvement,python,maths,Improve attendance and give additional attention to maths.,Focus more on MATHS as it is your weakest subject. Increase your weekly study time. Improve your attendance. Spend more time completing and practicing assignments.,58.87189999999991,Average
ST0948,20,78,41,99,67,84,79,88,97,79.05,Good,ml,maths,Complete assignments regularly and practice more in maths.,Focus more on MATHS as it is your weakest subject. Your study time is good. Maintain this consistency. Spend more time completing and practicing assignments. Overall performance is good. Focus on strengthening your weak areas.,78.02500000000003,Good
ST0949,10,100,62,83,45,94,72,46,40,69.44,Average,dbms,ml,Maintain your current performance and strengthen ml further.,Focus more on ML as it is your weakest subject. Your attendance is good. Keep maintaining it.,65.7579,Average
ST0950,9,94,83,96,83,85,51,85,43,80.11,Good,dbms,ml,Increase study time and focus more on ml.,Focus more on ML as it is your weakest subject. Increase your weekly study time. Your attendance is good. Keep maintaining it. Overall performance is good. Focus on strengthening your weak areas.,77.57019999999993,Good
ST0951,15,95,41,50,83,71,47,97,85,70.87,Average,os,python,Complete assignments regularly and practice more in python.,Focus more on PYTHON as it is your weakest subject. Your study time is good. Maintain this consistency. Your attendance is good. Keep maintaining it. Spend more time completing and practicing assignments.,71.40099999999995,Average
ST0952,16,59,77,41,60,94,63,50,88,63.8,Average,dbms,os,Improve attendance and give additional attention to os.,Focus more on OS as it is your weakest subject. Your study time is good. Maintain this consistency. Improve your attendance.,64.65280000000007,Average
ST0953,9,92,56,86,67,71,55,67,91,71.18,Average,ml,python,Increase study time and focus more on python.,Focus more on PYTHON as it is your weakest subject. Increase your weekly study time. Your attendance is good. Keep maintaining it. Spend more time completing and practicing assignments.,69.74710000000003,Average
ST0954,8,83,74,83,79,44,89,93,89,73.19,Average,os,dbms,Increase study time and focus more on dbms.,Focus more on DBMS as it is your weakest subject. Increase your weekly study time.,71.21609999999993,Average
ST0955,7,75,73,83,93,75,43,80,82,75.99,Good,maths,python,Increase study time and focus more on python.,Focus more on PYTHON as it is your weakest subject. Increase your weekly study time. Overall performance is good. Focus on strengthening your weak areas.,73.98199999999991,Average
ST0956,7,90,62,48,93,85,77,62,68,64.97,Average,maths,os,Increase study time and focus more on os.,Focus more on OS as it is your weakest subject. Increase your weekly study time. Your attendance is good. Keep maintaining it.,64.31320000000004,Average
ST0957,8,98,69,60,40,81,83,84,60,64.07,Average,os,maths,Increase study time and focus more on maths.,Focus more on MATHS as it is your weakest subject. Increase your weekly study time. Your attendance is good. Keep maintaining it.,64.14449999999997,Average
ST0958,13,52,91,63,75,88,66,62,65,71.9,Average,dbms,os,Improve attendance and give additional attention to os.,Focus more on OS as it is your weakest subject. Improve your attendance.,70.8929999999999,Average
ST0959,6,55,47,73,60,81,48,89,53,54.91,Needs Improvement,os,python,Improve attendance and give additional attention to python.,Focus more on PYTHON as it is your weakest subject. Increase your weekly study time. Improve your attendance. Spend more time completing and practicing assignments.,56.32999999999995,Average
ST0960,19,54,61,61,99,97,86,67,48,73.51,Average,maths,ml,Improve attendance and give additional attention to ml.,Focus more on ML as it is your weakest subject. Your study time is good. Maintain this consistency. Improve your attendance.,71.55269999999994,Average
ST0961,13,54,83,42,82,78,55,82,98,63.79,Average,ml,python,Improve attendance and give additional attention to python.,Focus more on PYTHON as it is your weakest subject. Improve your attendance.,64.98459999999997,Average
ST0962,5,96,97,51,74,55,95,86,86,68.83,Average,python,dbms,Increase study time and focus more on dbms.,Focus more on DBMS as it is your weakest subject. Increase your weekly study time. Your attendance is good. Keep maintaining it.,69.63949999999997,Average
ST0963,18,72,75,67,52,72,51,96,51,72.76,Average,os,python,Maintain your current performance and strengthen python further.,Focus more on PYTHON as it is your weakest subject. Your study time is good. Maintain this consistency.,73.34110000000011,Average
ST0964,19,98,44,69,96,88,70,65,81,78.14,Good,maths,os,Complete assignments regularly and practice more in os.,Focus more on OS as it is your weakest subject. Your study time is good. Maintain this consistency. Your attendance is good. Keep maintaining it. Spend more time completing and practicing assignments. Overall performance is good. Focus on strengthening your weak areas.,76.83600000000007,Good
ST0965,19,58,52,65,88,60,63,64,90,68.44,Average,ml,dbms,Improve attendance and give additional attention to dbms.,Focus more on DBMS as it is your weakest subject. Your study time is good. Maintain this consistency. Improve your attendance. Spend more time completing and practicing assignments.,68.2895999999999,Average
ST0966,5,84,68,87,93,100,94,93,95,75.25,Good,dbms,maths,Increase study time and focus more on maths.,Focus more on MATHS as it is your weakest subject. Increase your weekly study time. Overall performance is good. Focus on strengthening your weak areas.,73.3851,Average
ST0967,9,69,70,60,93,48,53,68,90,59.8,Needs Improvement,maths,dbms,Improve attendance and give additional attention to dbms.,Focus more on DBMS as it is your weakest subject. Increase your weekly study time. Improve your attendance.,60.69720000000009,Average
ST0968,10,98,86,67,49,45,84,58,45,62.68,Average,python,dbms,Maintain your current performance and strengthen dbms further.,Focus more on DBMS as it is your weakest subject. Your attendance is good. Keep maintaining it.,64.39520000000003,Average
ST0969,10,91,96,95,92,90,64,72,59,81.53,Good,maths,ml,Maintain your current performance and strengthen ml further.,Focus more on ML as it is your weakest subject. Your attendance is good. Keep maintaining it. Overall performance is good. Focus on strengthening your weak areas.,79.91809999999997,Good
ST0970,7,84,94,65,83,84,73,75,63,72.38,Average,dbms,ml,Increase study time and focus more on ml.,Focus more on ML as it is your weakest subject. Increase your weekly study time.,71.26920000000008,Average
ST0971,20,99,55,72,86,74,42,53,66,71.14,Average,maths,python,Complete assignments regularly and practice more in python.,Focus more on PYTHON as it is your weakest subject. Your study time is good. Maintain this consistency. Your attendance is good. Keep maintaining it. Spend more time completing and practicing assignments.,72.80000000000008,Average
ST0972,11,67,81,60,92,78,97,53,77,62.67,Average,python,os,Improve attendance and give additional attention to os.,Focus more on OS as it is your weakest subject. Improve your attendance.,64.80570000000004,Average
ST0973,13,66,69,74,49,61,63,74,47,60.9,Average,os,ml,Improve attendance and give additional attention to ml.,Focus more on ML as it is your weakest subject. Improve your attendance.,63.632099999999944,Average
ST0974,15,73,96,91,85,80,93,69,40,79.18,Good,python,ml,Maintain your current performance and strengthen ml further.,Focus more on ML as it is your weakest subject. Your study time is good. Maintain this consistency. Overall performance is good. Focus on strengthening your weak areas.,77.67729999999999,Good
ST0975,16,52,94,73,52,93,81,67,93,80.49,Good,dbms,maths,Improve attendance and give additional attention to maths.,Focus more on MATHS as it is your weakest subject. Your study time is good. Maintain this consistency. Improve your attendance. Overall performance is good. Focus on strengthening your weak areas.,73.29099999999997,Average
ST0976,14,81,55,80,76,44,48,56,88,67.63,Average,ml,dbms,Complete assignments regularly and practice more in dbms.,Focus more on DBMS as it is your weakest subject. Spend more time completing and practicing assignments.,70.24650000000003,Average
ST0977,20,84,51,90,77,81,65,42,88,75.38,Good,ml,os,Complete assignments regularly and practice more in os.,Focus more on OS as it is your weakest subject. Your study time is good. Maintain this consistency. Spend more time completing and practicing assignments. Overall performance is good. Focus on strengthening your weak areas.,75.98440000000005,Good
ST0978,20,87,56,86,63,62,59,55,63,76.08,Good,maths,os,Complete assignments regularly and practice more in os.,Focus more on OS as it is your weakest subject. Your study time is good. Maintain this consistency. Your attendance is good. Keep maintaining it. Spend more time completing and practicing assignments. Overall performance is good. Focus on strengthening your weak areas.,75.86099999999999,Good
ST0979,12,62,55,57,41,56,79,85,86,61.93,Average,ml,maths,Improve attendance and give additional attention to maths.,Focus more on MATHS as it is your weakest subject. Improve your attendance. Spend more time completing and practicing assignments.,61.72370000000001,Average
ST0980,10,96,51,97,61,51,49,69,46,60.4,Average,os,ml,Complete assignments regularly and practice more in ml.,Focus more on ML as it is your weakest subject. Your attendance is good. Keep maintaining it. Spend more time completing and practicing assignments.,62.012999999999955,Average
ST0981,16,74,47,50,56,62,58,91,58,58.9,Needs Improvement,os,maths,Complete assignments regularly and practice more in maths.,Focus more on MATHS as it is your weakest subject. Your study time is good. Maintain this consistency. Spend more time completing and practicing assignments.,62.00759999999994,Average
ST0982,12,58,59,96,75,55,42,68,61,59.63,Needs Improvement,maths,python,Improve attendance and give additional attention to python.,Focus more on PYTHON as it is your weakest subject. Improve your attendance. Spend more time completing and practicing assignments.,62.08080000000006,Average
ST0983,16,53,42,62,53,42,63,84,96,73.13,Average,ml,dbms,Improve attendance and give additional attention to dbms.,Focus more on DBMS as it is your weakest subject. Your study time is good. Maintain this consistency. Improve your attendance. Spend more time completing and practicing assignments.,70.80360000000005,Average
ST0984,9,63,55,87,49,69,44,54,94,64.89,Average,ml,python,Improve attendance and give additional attention to python.,Focus more on PYTHON as it is your weakest subject. Increase your weekly study time. Improve your attendance. Spend more time completing and practicing assignments.,64.92340000000003,Average
ST0985,12,86,69,61,74,96,42,85,99,69.75,Average,ml,python,Maintain your current performance and strengthen python further.,Focus more on PYTHON as it is your weakest subject. Your attendance is good. Keep maintaining it.,69.00529999999999,Average
ST0986,14,83,84,56,64,61,97,95,74,79.25,Good,python,dbms,Maintain your current performance and strengthen dbms further.,Focus more on DBMS as it is your weakest subject. Overall performance is good. Focus on strengthening your weak areas.,76.71500000000003,Good
ST0987,16,60,62,44,42,48,66,64,69,58.86,Needs Improvement,ml,maths,Improve attendance and give additional attention to maths.,Focus more on MATHS as it is your weakest subject. Your study time is good. Maintain this consistency. Improve your attendance.,65.59710000000004,Average
ST0988,8,90,67,83,86,68,55,90,68,73.99,Average,os,python,Increase study time and focus more on python.,Focus more on PYTHON as it is your weakest subject. Increase your weekly study time. Your attendance is good. Keep maintaining it.,72.13339999999988,Average
ST0989,14,52,90,50,77,86,88,77,61,70.35,Average,python,ml,Improve attendance and give additional attention to ml.,Focus more on ML as it is your weakest subject. Improve your attendance.,70.5149000000001,Average
ST0990,12,77,79,69,56,76,54,81,50,65.3,Average,os,ml,Maintain your current performance and strengthen ml further.,Focus more on ML as it is your weakest subject.,67.56450000000002,Average
ST0991,14,78,93,54,51,62,74,98,59,74.55,Average,os,maths,Maintain your current performance and strengthen maths further.,Focus more on MATHS as it is your weakest subject.,74.62590000000006,Average
ST0992,16,58,44,66,93,52,51,86,68,66.25,Average,maths,python,Improve attendance and give additional attention to python.,Focus more on PYTHON as it is your weakest subject. Your study time is good. Maintain this consistency. Improve your attendance. Spend more time completing and practicing assignments.,67.6689,Average
ST0993,6,52,59,74,91,71,80,92,90,65.02,Average,os,dbms,Improve attendance and give additional attention to dbms.,Focus more on DBMS as it is your weakest subject. Increase your weekly study time. Improve your attendance. Spend more time completing and practicing assignments.,63.86080000000009,Average
ST0994,16,74,79,72,63,85,92,93,80,79.52,Good,os,maths,Maintain your current performance and strengthen maths further.,Focus more on MATHS as it is your weakest subject. Your study time is good. Maintain this consistency. Overall performance is good. Focus on strengthening your weak areas.,78.92580000000012,Good
ST0995,16,83,95,59,68,91,83,91,81,81.35,Good,dbms,maths,Maintain your current performance and strengthen maths further.,Focus more on MATHS as it is your weakest subject. Your study time is good. Maintain this consistency. Overall performance is good. Focus on strengthening your weak areas.,80.5258000000001,Good
ST0996,9,61,83,100,82,86,65,97,73,77.01,Good,os,python,Improve attendance and give additional attention to python.,Focus more on PYTHON as it is your weakest subject. Increase your weekly study time. Improve your attendance. Overall performance is good. Focus on strengthening your weak areas.,73.09810000000003,Average
ST0997,13,91,40,55,64,87,86,77,40,76.02,Good,dbms,ml,Complete assignments regularly and practice more in ml.,Focus more on ML as it is your weakest subject. Your attendance is good. Keep maintaining it. Spend more time completing and practicing assignments. Overall performance is good. Focus on strengthening your weak areas.,73.43890000000015,Average
ST0998,8,58,96,73,75,62,73,62,70,70.99,Average,maths,dbms,Improve attendance and give additional attention to dbms.,Focus more on DBMS as it is your weakest subject. Increase your weekly study time. Improve your attendance.,68.57099999999988,Average
ST0999,20,64,69,41,97,84,62,64,69,73.3,Average,maths,python,Improve attendance and give additional attention to python.,Focus more on PYTHON as it is your weakest subject. Your study time is good. Maintain this consistency. Improve your attendance.,71.51529999999995,Average
ST1000,15,89,60,74,99,56,70,81,87,74.72,Average,maths,dbms,Maintain your current performance and strengthen dbms further.,Focus more on DBMS as it is your weakest subject. Your study time is good. Maintain this consistency. Your attendance is good. Keep maintaining it.,74.29500000000003,Average
